2025-09-21 09:37:33,644 - NetworkVisualizer - INFO - Initializing Network Visualizer...
2025-09-21 09:37:33,645 - NetworkVisualizer - INFO - Attempting to download threat intelligence blocklist...
2025-09-21 09:37:33,645 - NetworkVisualizer - INFO - Starting web server on http://127.0.0.1:8080
2025-09-21 09:37:34,147 - NetworkVisualizer - INFO - Threat intelligence list updated successfully. Found 4483 malicious IPs.
2025-09-21 09:37:42,678 - NetworkVisualizer - INFO - Attempting to start packet capture on interface: wlan0
2025-09-21 09:37:42,678 - NetworkVisualizer - INFO - Sniffer thread started.
2025-09-21 09:37:42,900 - NetworkVisualizer - INFO - Packet capture started successfully. Listening for packets...
2025-09-21 09:37:43,524 - NetworkVisualizer - DEBUG - Packet received: [<ETH Layer>, <IP Layer>, <TCP Layer>, <TLS Layer>]
2025-09-21 09:37:43,778 - NetworkVisualizer - DEBUG - Packet received: [<ETH Layer>, <IP Layer>, <UDP Layer>, <DNS Layer>]
2025-09-21 09:37:43,781 - NetworkVisualizer - WARNING - MAC vendor lookup failed for 56:d1:7d:54:c3:37: The vendor for MAC b'56D17D54C337' could not be found. Either it's not registered or the local list is out of date. Try MacLookup().update_vendors()
2025-09-21 09:37:43,797 - NetworkVisualizer - DEBUG - Packet received: [<ETH Layer>, <IP Layer>, <TCP Layer>, <TLS Layer>]
2025-09-21 09:37:43,810 - NetworkVisualizer - DEBUG - Packet received: [<ETH Layer>, <IP Layer>, <TCP Layer>]
2025-09-21 09:37:43,814 - NetworkVisualizer - DEBUG - Packet received: [<ETH Layer>, <IP Layer>, <UDP Layer>, <DNS Layer>]
2025-09-21 09:37:43,817 - NetworkVisualizer - DEBUG - Packet received: [<ETH Layer>, <IP Layer>, <UDP Layer>, <DNS Layer>]
2025-09-21 09:37:44,559 - NetworkVisualizer - DEBUG - Packet received: [<ETH Layer>, <IP Layer>, <TCP Layer>, <TLS Layer>]
2025-09-21 09:37:44,566 - NetworkVisualizer - DEBUG - Packet received: [<ETH Layer>, <IP Layer>, <UDP Layer>, <DNS Layer>]
2025-09-21 09:37:44,570 - NetworkVisualizer - DEBUG - Packet received: [<ETH Layer>, <IP Layer>, <UDP Layer>, <DNS Layer>]
2025-09-21 09:37:44,816 - NetworkVisualizer - DEBUG - Packet received: [<ETH Layer>, <IP Layer>, <TCP Layer>, <TLS Layer>]
2025-09-21 09:37:44,828 - NetworkVisualizer - DEBUG - Packet received: [<ETH Layer>, <IP Layer>, <TCP Layer>]
2025-09-21 09:37:44,832 - NetworkVisualizer - DEBUG - Packet received: [<ETH Layer>, <IP Layer>, <UDP Layer>, <DNS Layer>]
2025-09-21 09:37:44,834 - NetworkVisualizer - DEBUG - Packet received: [<ETH Layer>, <IP Layer>, <UDP Layer>, <DNS Layer>]
2025-09-21 09:37:44,836 - NetworkVisualizer - DEBUG - Packet received: [<ETH Layer>, <IP Layer>, <UDP Layer>, <DNS Layer>]
2025-09-21 09:37:44,842 - NetworkVisualizer - DEBUG - Packet received: [<ETH Layer>, <IP Layer>, <TCP Layer>, <TLS Layer>]
2025-09-21 09:37:44,846 - NetworkVisualizer - DEBUG - Packet received: [<ETH Layer>, <IP Layer>, <UDP Layer>, <DNS Layer>]
2025-09-21 09:37:44,850 - NetworkVisualizer - DEBUG - Packet received: [<ETH Layer>, <IP Layer>, <TCP Layer>]
2025-09-21 09:37:45,059 - NetworkVisualizer - DEBUG - Packet received: [<ETH Layer>, <IP Layer>, <UDP Layer>, <DNS Layer>]
2025-09-21 09:37:45,066 - NetworkVisualizer - DEBUG - Packet received: [<ETH Layer>, <IP Layer>, <UDP Layer>, <DNS Layer>]
2025-09-21 09:37:45,072 - NetworkVisualizer - DEBUG - Packet received: [<ETH Layer>, <IP Layer>, <UDP Layer>, <DNS Layer>]
2025-09-21 09:37:45,086 - NetworkVisualizer - DEBUG - Packet received: [<ETH Layer>, <IP Layer>, <TCP Layer>]
2025-09-21 09:37:45,096 - NetworkVisualizer - DEBUG - Packet received: [<ETH Layer>, <IP Layer>, <TCP Layer>, <TLS Layer>]
2025-09-21 09:37:45,103 - NetworkVisualizer - DEBUG - Packet received: [<ETH Layer>, <IP Layer>, <TCP Layer>]
2025-09-21 09:37:45,107 - NetworkVisualizer - DEBUG - Packet received: [<ETH Layer>, <IP Layer>, <UDP Layer>, <DNS Layer>]
2025-09-21 09:37:45,110 - NetworkVisualizer - DEBUG - Packet received: [<ETH Layer>, <IP Layer>, <UDP Layer>, <DNS Layer>]
2025-09-21 09:37:45,116 - NetworkVisualizer - DEBUG - Packet received: [<ETH Layer>, <IP Layer>, <TCP Layer>]
2025-09-21 09:37:45,120 - NetworkVisualizer - DEBUG - Packet received: [<ETH Layer>, <IP Layer>, <TCP Layer>]
2025-09-21 09:37:45,124 - NetworkVisualizer - DEBUG - Packet received: [<ETH Layer>, <IP Layer>, <TCP Layer>, <WHOIS Layer>]
2025-09-21 09:37:45,314 - NetworkVisualizer - DEBUG - Packet received: [<ETH Layer>, <IP Layer>, <UDP Layer>, <DNS Layer>]
2025-09-21 09:37:45,320 - NetworkVisualizer - DEBUG - Packet received: [<ETH Layer>, <IP Layer>, <UDP Layer>, <DNS Layer>]
2025-09-21 09:37:45,327 - NetworkVisualizer - DEBUG - Packet received: [<ETH Layer>, <IP Layer>, <UDP Layer>, <DNS Layer>]
2025-09-21 09:37:45,334 - NetworkVisualizer - DEBUG - Packet received: [<ETH Layer>, <IP Layer>, <UDP Layer>, <DNS Layer>]
2025-09-21 09:37:45,339 - NetworkVisualizer - DEBUG - Packet received: [<ETH Layer>, <IP Layer>, <UDP Layer>, <DNS Layer>]
2025-09-21 09:37:45,345 - NetworkVisualizer - DEBUG - Packet received: [<ETH Layer>, <IP Layer>, <UDP Layer>, <DNS Layer>]
2025-09-21 09:37:45,353 - NetworkVisualizer - DEBUG - Packet received: [<ETH Layer>, <IP Layer>, <TCP Layer>]
2025-09-21 09:37:45,359 - NetworkVisualizer - DEBUG - Packet received: [<ETH Layer>, <IP Layer>, <TCP Layer>]
2025-09-21 09:37:45,366 - NetworkVisualizer - DEBUG - Packet received: [<ETH Layer>, <IP Layer>, <TCP Layer>]
2025-09-21 09:37:45,371 - NetworkVisualizer - DEBUG - Packet received: [<ETH Layer>, <IP Layer>, <TCP Layer>]
2025-09-21 09:37:45,372 - NetworkVisualizer - DEBUG - Packet received: [<ETH Layer>, <IP Layer>, <UDP Layer>, <DNS Layer>]
2025-09-21 09:37:45,382 - NetworkVisualizer - DEBUG - Packet received: [<ETH Layer>, <IP Layer>, <TCP Layer>, <DATA Layer>, <WHOIS Layer>]
2025-09-21 09:37:45,386 - NetworkVisualizer - DEBUG - Packet received: [<ETH Layer>, <IP Layer>, <TCP Layer>]
2025-09-21 09:37:45,387 - NetworkVisualizer - DEBUG - Packet received: [<ETH Layer>, <IP Layer>, <UDP Layer>, <DNS Layer>]
2025-09-21 09:37:45,390 - NetworkVisualizer - DEBUG - Packet received: [<ETH Layer>, <IP Layer>, <TCP Layer>]
2025-09-21 09:37:45,393 - NetworkVisualizer - DEBUG - Packet received: [<ETH Layer>, <IP Layer>, <TCP Layer>]
2025-09-21 09:37:45,579 - NetworkVisualizer - DEBUG - Packet received: [<ETH Layer>, <IP Layer>, <TCP Layer>]
2025-09-21 09:37:45,595 - NetworkVisualizer - DEBUG - Packet received: [<ETH Layer>, <IP Layer>, <TCP Layer>]
2025-09-21 09:37:45,605 - NetworkVisualizer - DEBUG - Packet received: [<ETH Layer>, <IP Layer>, <TCP Layer>, <WHOIS Layer>]
2025-09-21 09:37:45,608 - NetworkVisualizer - DEBUG - Packet received: [<ETH Layer>, <IP Layer>, <UDP Layer>, <DNS Layer>]
2025-09-21 09:37:45,611 - NetworkVisualizer - DEBUG - Packet received: [<ETH Layer>, <IP Layer>, <UDP Layer>, <DNS Layer>]
2025-09-21 09:37:45,614 - NetworkVisualizer - DEBUG - Packet received: [<ETH Layer>, <IP Layer>, <UDP Layer>, <DNS Layer>]
2025-09-21 09:37:45,616 - NetworkVisualizer - DEBUG - Packet received: [<ETH Layer>, <IP Layer>, <UDP Layer>, <DNS Layer>]
2025-09-21 09:37:45,618 - NetworkVisualizer - DEBUG - Packet received: [<ETH Layer>, <IP Layer>, <UDP Layer>, <DNS Layer>]
2025-09-21 09:37:45,622 - NetworkVisualizer - DEBUG - Packet received: [<ETH Layer>, <IP Layer>, <TCP Layer>, <TLS Layer>]
2025-09-21 09:37:45,624 - NetworkVisualizer - DEBUG - Packet received: [<ETH Layer>, <IP Layer>, <UDP Layer>, <DNS Layer>]
2025-09-21 09:37:45,629 - NetworkVisualizer - DEBUG - Packet received: [<ETH Layer>, <IP Layer>, <TCP Layer>]
2025-09-21 09:37:45,634 - NetworkVisualizer - DEBUG - Packet received: [<ETH Layer>, <IP Layer>, <TCP Layer>]
2025-09-21 09:37:45,637 - NetworkVisualizer - DEBUG - Packet received: [<ETH Layer>, <IP Layer>, <TCP Layer>]
2025-09-21 09:37:45,642 - NetworkVisualizer - DEBUG - Packet received: [<ETH Layer>, <IP Layer>, <TCP Layer>]
2025-09-21 09:37:45,645 - NetworkVisualizer - DEBUG - Packet received: [<ETH Layer>, <IP Layer>, <TCP Layer>]
2025-09-21 09:37:45,649 - NetworkVisualizer - DEBUG - Packet received: [<ETH Layer>, <IP Layer>, <TCP Layer>, <TLS Layer>]
2025-09-21 09:37:45,653 - NetworkVisualizer - DEBUG - Packet received: [<ETH Layer>, <IP Layer>, <TCP Layer>]
2025-09-21 09:37:45,655 - NetworkVisualizer - DEBUG - Packet received: [<ETH Layer>, <IP Layer>, <UDP Layer>, <DNS Layer>]
2025-09-21 09:37:45,659 - NetworkVisualizer - DEBUG - Packet received: [<ETH Layer>, <IP Layer>, <TCP Layer>]
2025-09-21 09:37:45,662 - NetworkVisualizer - DEBUG - Packet received: [<ETH Layer>, <IP Layer>, <TCP Layer>]
2025-09-21 09:37:45,993 - NetworkVisualizer - DEBUG - Packet received: [<ETH Layer>, <IP Layer>, <TCP Layer>, <WHOIS Layer>]
2025-09-21 09:37:45,998 - NetworkVisualizer - DEBUG - Packet received: [<ETH Layer>, <IP Layer>, <UDP Layer>, <DNS Layer>]
2025-09-21 09:37:46,005 - NetworkVisualizer - DEBUG - Packet received: [<ETH Layer>, <IP Layer>, <TCP Layer>]
2025-09-21 09:37:46,010 - NetworkVisualizer - DEBUG - Packet received: [<ETH Layer>, <IP Layer>, <TCP Layer>]
2025-09-21 09:37:46,014 - NetworkVisualizer - DEBUG - Packet received: [<ETH Layer>, <IP Layer>, <TCP Layer>]
2025-09-21 09:37:46,017 - NetworkVisualizer - DEBUG - Packet received: [<ETH Layer>, <IP Layer>, <TCP Layer>]
2025-09-21 09:37:46,020 - NetworkVisualizer - DEBUG - Packet received: [<ETH Layer>, <IP Layer>, <TCP Layer>]
2025-09-21 09:37:46,023 - NetworkVisualizer - DEBUG - Packet received: [<ETH Layer>, <IP Layer>, <TCP Layer>]
2025-09-21 09:37:46,027 - NetworkVisualizer - DEBUG - Packet received: [<ETH Layer>, <IP Layer>, <TCP Layer>]
2025-09-21 09:37:46,030 - NetworkVisualizer - DEBUG - Packet received: [<ETH Layer>, <IP Layer>, <TCP Layer>]
2025-09-21 09:37:46,033 - NetworkVisualizer - DEBUG - Packet received: [<ETH Layer>, <IP Layer>, <TCP Layer>]
2025-09-21 09:37:46,037 - NetworkVisualizer - DEBUG - Packet received: [<ETH Layer>, <IP Layer>, <TCP Layer>]
2025-09-21 09:37:46,041 - NetworkVisualizer - DEBUG - Packet received: [<ETH Layer>, <IP Layer>, <TCP Layer>]
2025-09-21 09:37:46,044 - NetworkVisualizer - DEBUG - Packet received: [<ETH Layer>, <IP Layer>, <TCP Layer>]
2025-09-21 09:37:46,048 - NetworkVisualizer - DEBUG - Packet received: [<ETH Layer>, <IP Layer>, <TCP Layer>]
2025-09-21 09:37:46,053 - NetworkVisualizer - DEBUG - Packet received: [<ETH Layer>, <IP Layer>, <TCP Layer>]
2025-09-21 09:37:46,056 - NetworkVisualizer - DEBUG - Packet received: [<ETH Layer>, <IP Layer>, <TCP Layer>]
2025-09-21 09:37:46,059 - NetworkVisualizer - DEBUG - Packet received: [<ETH Layer>, <IP Layer>, <TCP Layer>]
2025-09-21 09:37:46,063 - NetworkVisualizer - DEBUG - Packet received: [<ETH Layer>, <IP Layer>, <TCP Layer>]
2025-09-21 09:37:46,066 - NetworkVisualizer - DEBUG - Packet received: [<ETH Layer>, <IP Layer>, <TCP Layer>]
2025-09-21 09:37:46,072 - NetworkVisualizer - DEBUG - Packet received: [<ETH Layer>, <IP Layer>, <TCP Layer>]
2025-09-21 09:37:46,078 - NetworkVisualizer - DEBUG - Packet received: [<ETH Layer>, <IP Layer>, <TCP Layer>]
2025-09-21 09:37:46,081 - NetworkVisualizer - DEBUG - Packet received: [<ETH Layer>, <IP Layer>, <TCP Layer>]
2025-09-21 09:37:46,082 - NetworkVisualizer - DEBUG - Packet received: [<ETH Layer>, <IP Layer>, <UDP Layer>, <DNS Layer>]
2025-09-21 09:37:46,092 - NetworkVisualizer - DEBUG - Packet received: [<ETH Layer>, <IP Layer>, <TCP Layer>, <DATA Layer>, <WHOIS Layer>]
2025-09-21 09:37:46,095 - NetworkVisualizer - DEBUG - Packet received: [<ETH Layer>, <IP Layer>, <TCP Layer>]
2025-09-21 09:37:46,098 - NetworkVisualizer - DEBUG - Packet received: [<ETH Layer>, <IP Layer>, <TCP Layer>]
2025-09-21 09:37:46,099 - NetworkVisualizer - DEBUG - Packet received: [<ETH Layer>, <IP Layer>, <UDP Layer>, <DNS Layer>]
2025-09-21 09:37:46,100 - NetworkVisualizer - DEBUG - Packet received: [<ETH Layer>, <IP Layer>, <UDP Layer>, <DNS Layer>]
2025-09-21 09:37:46,101 - NetworkVisualizer - DEBUG - Packet received: [<ETH Layer>, <IP Layer>, <UDP Layer>, <DNS Layer>]
2025-09-21 09:37:46,102 - NetworkVisualizer - DEBUG - Packet received: [<ETH Layer>, <IP Layer>, <UDP Layer>, <DNS Layer>]
2025-09-21 09:37:46,105 - NetworkVisualizer - DEBUG - Packet received: [<ETH Layer>, <IP Layer>, <TCP Layer>]
2025-09-21 09:37:46,107 - NetworkVisualizer - DEBUG - Packet received: [<ETH Layer>, <IP Layer>, <TCP Layer>]
2025-09-21 09:37:46,108 - NetworkVisualizer - DEBUG - Packet received: [<ETH Layer>, <IP Layer>, <UDP Layer>, <DNS Layer>]
2025-09-21 09:37:46,109 - NetworkVisualizer - DEBUG - Packet received: [<ETH Layer>, <IP Layer>, <UDP Layer>, <DNS Layer>]
2025-09-21 09:37:46,110 - NetworkVisualizer - DEBUG - Packet received: [<ETH Layer>, <IP Layer>, <UDP Layer>, <DNS Layer>]
2025-09-21 09:37:46,111 - NetworkVisualizer - DEBUG - Packet received: [<ETH Layer>, <IP Layer>, <UDP Layer>, <DNS Layer>]
2025-09-21 09:37:46,114 - NetworkVisualizer - DEBUG - Packet received: [<ETH Layer>, <IP Layer>, <TCP Layer>]
2025-09-21 09:37:46,115 - NetworkVisualizer - DEBUG - Packet received: [<ETH Layer>, <IP Layer>, <UDP Layer>, <DNS Layer>]
2025-09-21 09:37:46,648 - NetworkVisualizer - DEBUG - Packet received: [<ETH Layer>, <IP Layer>, <UDP Layer>, <DNS Layer>]
2025-09-21 09:37:46,653 - NetworkVisualizer - DEBUG - Packet received: [<ETH Layer>, <IP Layer>, <TCP Layer>]
2025-09-21 09:37:46,657 - NetworkVisualizer - DEBUG - Packet received: [<ETH Layer>, <IP Layer>, <TCP Layer>]
2025-09-21 09:37:46,661 - NetworkVisualizer - DEBUG - Packet received: [<ETH Layer>, <IP Layer>, <TCP Layer>, <WHOIS Layer>]
2025-09-21 09:37:46,670 - NetworkVisualizer - DEBUG - Packet received: [<ETH Layer>, <IP Layer>, <TCP Layer>, <DATA Layer>, <WHOIS Layer>]
2025-09-21 09:37:46,673 - NetworkVisualizer - DEBUG - Packet received: [<ETH Layer>, <IP Layer>, <TCP Layer>]
2025-09-21 09:37:46,677 - NetworkVisualizer - DEBUG - Packet received: [<ETH Layer>, <IP Layer>, <TCP Layer>, <TLS Layer>]
2025-09-21 09:37:46,680 - NetworkVisualizer - DEBUG - Packet received: [<ETH Layer>, <IP Layer>, <TCP Layer>]
2025-09-21 09:37:46,683 - NetworkVisualizer - DEBUG - Packet received: [<ETH Layer>, <IP Layer>, <TCP Layer>, <TLS Layer>]
2025-09-21 09:37:46,686 - NetworkVisualizer - DEBUG - Packet received: [<ETH Layer>, <IP Layer>, <TCP Layer>]
2025-09-21 09:37:46,689 - NetworkVisualizer - DEBUG - Packet received: [<ETH Layer>, <IP Layer>, <TCP Layer>]
2025-09-21 09:37:46,693 - NetworkVisualizer - DEBUG - Packet received: [<ETH Layer>, <IP Layer>, <TCP Layer>]
2025-09-21 09:37:46,696 - NetworkVisualizer - DEBUG - Packet received: [<ETH Layer>, <IP Layer>, <TCP Layer>]
2025-09-21 09:37:46,699 - NetworkVisualizer - DEBUG - Packet received: [<ETH Layer>, <IP Layer>, <TCP Layer>]
2025-09-21 09:37:46,702 - NetworkVisualizer - DEBUG - Packet received: [<ETH Layer>, <IP Layer>, <TCP Layer>]
2025-09-21 09:37:46,705 - NetworkVisualizer - DEBUG - Packet received: [<ETH Layer>, <IP Layer>, <TCP Layer>]
2025-09-21 09:37:46,708 - NetworkVisualizer - DEBUG - Packet received: [<ETH Layer>, <IP Layer>, <TCP Layer>]
2025-09-21 09:37:46,711 - NetworkVisualizer - DEBUG - Packet received: [<ETH Layer>, <IP Layer>, <TCP Layer>]
2025-09-21 09:37:46,714 - NetworkVisualizer - DEBUG - Packet received: [<ETH Layer>, <IP Layer>, <TCP Layer>]
2025-09-21 09:37:46,718 - NetworkVisualizer - DEBUG - Packet received: [<ETH Layer>, <IP Layer>, <TCP Layer>]
2025-09-21 09:37:46,722 - NetworkVisualizer - DEBUG - Packet received: [<ETH Layer>, <IP Layer>, <TCP Layer>]
2025-09-21 09:37:46,725 - NetworkVisualizer - DEBUG - Packet received: [<ETH Layer>, <IP Layer>, <TCP Layer>]
2025-09-21 09:37:46,728 - NetworkVisualizer - DEBUG - Packet received: [<ETH Layer>, <IP Layer>, <TCP Layer>]
2025-09-21 09:37:46,730 - NetworkVisualizer - DEBUG - Packet received: [<ETH Layer>, <IP Layer>, <TCP Layer>]
2025-09-21 09:37:46,734 - NetworkVisualizer - DEBUG - Packet received: [<ETH Layer>, <IP Layer>, <TCP Layer>]
2025-09-21 09:37:46,738 - NetworkVisualizer - DEBUG - Packet received: [<ETH Layer>, <IP Layer>, <TCP Layer>]
2025-09-21 09:37:46,741 - NetworkVisualizer - DEBUG - Packet received: [<ETH Layer>, <IP Layer>, <TCP Layer>]
2025-09-21 09:37:46,744 - NetworkVisualizer - DEBUG - Packet received: [<ETH Layer>, <IP Layer>, <TCP Layer>]
2025-09-21 09:37:46,747 - NetworkVisualizer - DEBUG - Packet received: [<ETH Layer>, <IP Layer>, <TCP Layer>]
2025-09-21 09:37:46,750 - NetworkVisualizer - DEBUG - Packet received: [<ETH Layer>, <IP Layer>, <TCP Layer>]
2025-09-21 09:37:46,761 - NetworkVisualizer - DEBUG - Packet received: [<ETH Layer>, <IP Layer>, <TCP Layer>, <DATA Layer>, <WHOIS Layer>]
2025-09-21 09:37:46,764 - NetworkVisualizer - DEBUG - Packet received: [<ETH Layer>, <IP Layer>, <TCP Layer>]
2025-09-21 09:37:46,767 - NetworkVisualizer - DEBUG - Packet received: [<ETH Layer>, <IP Layer>, <TCP Layer>]
2025-09-21 09:37:46,769 - NetworkVisualizer - DEBUG - Packet received: [<ETH Layer>, <IP Layer>, <UDP Layer>, <DNS Layer>]
2025-09-21 09:37:46,771 - NetworkVisualizer - DEBUG - Packet received: [<ETH Layer>, <IP Layer>, <UDP Layer>, <DNS Layer>]
2025-09-21 09:37:46,774 - NetworkVisualizer - DEBUG - Packet received: [<ETH Layer>, <IP Layer>, <TCP Layer>]
2025-09-21 09:37:46,778 - NetworkVisualizer - DEBUG - Packet received: [<ETH Layer>, <IP Layer>, <TCP Layer>]
2025-09-21 09:37:46,779 - NetworkVisualizer - DEBUG - Packet received: [<ETH Layer>, <IP Layer>, <UDP Layer>, <DNS Layer>]
2025-09-21 09:37:46,782 - NetworkVisualizer - DEBUG - Packet received: [<ETH Layer>, <IP Layer>, <TCP Layer>]
2025-09-21 09:37:46,785 - NetworkVisualizer - DEBUG - Packet received: [<ETH Layer>, <IP Layer>, <TCP Layer>, <TLS Layer>]
2025-09-21 09:37:46,788 - NetworkVisualizer - DEBUG - Packet received: [<ETH Layer>, <IP Layer>, <TCP Layer>, <TLS Layer>]
2025-09-21 09:37:46,791 - NetworkVisualizer - DEBUG - Packet received: [<ETH Layer>, <IP Layer>, <TCP Layer>]
2025-09-21 09:37:46,848 - NetworkVisualizer - DEBUG - Packet received: [<ETH Layer>, <IP Layer>, <UDP Layer>, <DNS Layer>]
2025-09-21 09:37:46,854 - NetworkVisualizer - DEBUG - Packet received: [<ETH Layer>, <IP Layer>, <UDP Layer>, <DNS Layer>]
2025-09-21 09:37:46,859 - NetworkVisualizer - DEBUG - Packet received: [<ETH Layer>, <IP Layer>, <UDP Layer>, <DNS Layer>]
2025-09-21 09:37:46,864 - NetworkVisualizer - DEBUG - Packet received: [<ETH Layer>, <IP Layer>, <UDP Layer>, <DNS Layer>]
2025-09-21 09:37:46,869 - NetworkVisualizer - DEBUG - Packet received: [<ETH Layer>, <IP Layer>, <UDP Layer>, <DNS Layer>]
2025-09-21 09:37:46,877 - NetworkVisualizer - DEBUG - Packet received: [<ETH Layer>, <IP Layer>, <UDP Layer>, <DNS Layer>]
2025-09-21 09:37:46,880 - NetworkVisualizer - DEBUG - Packet received: [<ETH Layer>, <IP Layer>, <UDP Layer>, <DNS Layer>]
2025-09-21 09:37:46,889 - NetworkVisualizer - DEBUG - Packet received: [<ETH Layer>, <IP Layer>, <TCP Layer>]
2025-09-21 09:37:46,892 - NetworkVisualizer - DEBUG - Packet received: [<ETH Layer>, <IP Layer>, <UDP Layer>, <DNS Layer>]
2025-09-21 09:37:46,893 - NetworkVisualizer - DEBUG - Packet received: [<ETH Layer>, <IP Layer>, <UDP Layer>, <DNS Layer>]
2025-09-21 09:37:46,896 - NetworkVisualizer - DEBUG - Packet received: [<ETH Layer>, <IP Layer>, <UDP Layer>, <DNS Layer>]
2025-09-21 09:37:46,897 - NetworkVisualizer - DEBUG - Packet received: [<ETH Layer>, <IP Layer>, <UDP Layer>, <DNS Layer>]
2025-09-21 09:37:46,902 - NetworkVisualizer - DEBUG - Packet received: [<ETH Layer>, <IP Layer>, <TCP Layer>]
2025-09-21 09:37:46,906 - NetworkVisualizer - DEBUG - Packet received: [<ETH Layer>, <IP Layer>, <TCP Layer>]
2025-09-21 09:37:47,272 - NetworkVisualizer - DEBUG - Packet received: [<ETH Layer>, <IP Layer>, <TCP Layer>, <WHOIS Layer>]
2025-09-21 09:37:47,274 - NetworkVisualizer - DEBUG - Packet received: [<ETH Layer>, <IP Layer>, <UDP Layer>, <DNS Layer>]
2025-09-21 09:37:47,277 - NetworkVisualizer - DEBUG - Packet received: [<ETH Layer>, <IP Layer>, <TCP Layer>]
2025-09-21 09:37:47,281 - NetworkVisualizer - DEBUG - Packet received: [<ETH Layer>, <IP Layer>, <TCP Layer>]
2025-09-21 09:37:47,284 - NetworkVisualizer - DEBUG - Packet received: [<ETH Layer>, <IP Layer>, <TCP Layer>]
2025-09-21 09:37:47,287 - NetworkVisualizer - DEBUG - Packet received: [<ETH Layer>, <IP Layer>, <TCP Layer>]
2025-09-21 09:37:47,290 - NetworkVisualizer - DEBUG - Packet received: [<ETH Layer>, <IP Layer>, <TCP Layer>]
2025-09-21 09:37:47,292 - NetworkVisualizer - DEBUG - Packet received: [<ETH Layer>, <IP Layer>, <TCP Layer>]
2025-09-21 09:37:47,296 - NetworkVisualizer - DEBUG - Packet received: [<ETH Layer>, <IP Layer>, <TCP Layer>]
2025-09-21 09:37:47,298 - NetworkVisualizer - DEBUG - Packet received: [<ETH Layer>, <IP Layer>, <TCP Layer>]
2025-09-21 09:37:47,301 - NetworkVisualizer - DEBUG - Packet received: [<ETH Layer>, <IP Layer>, <TCP Layer>]
2025-09-21 09:37:47,304 - NetworkVisualizer - DEBUG - Packet received: [<ETH Layer>, <IP Layer>, <TCP Layer>]
2025-09-21 09:37:47,307 - NetworkVisualizer - DEBUG - Packet received: [<ETH Layer>, <IP Layer>, <TCP Layer>]
2025-09-21 09:37:47,310 - NetworkVisualizer - DEBUG - Packet received: [<ETH Layer>, <IP Layer>, <TCP Layer>]
2025-09-21 09:37:47,314 - NetworkVisualizer - DEBUG - Packet received: [<ETH Layer>, <IP Layer>, <TCP Layer>]
2025-09-21 09:37:47,317 - NetworkVisualizer - DEBUG - Packet received: [<ETH Layer>, <IP Layer>, <TCP Layer>]
2025-09-21 09:37:47,321 - NetworkVisualizer - DEBUG - Packet received: [<ETH Layer>, <IP Layer>, <TCP Layer>]
2025-09-21 09:37:47,324 - NetworkVisualizer - DEBUG - Packet received: [<ETH Layer>, <IP Layer>, <TCP Layer>]
2025-09-21 09:37:47,327 - NetworkVisualizer - DEBUG - Packet received: [<ETH Layer>, <IP Layer>, <TCP Layer>]
2025-09-21 09:37:47,330 - NetworkVisualizer - DEBUG - Packet received: [<ETH Layer>, <IP Layer>, <TCP Layer>]
2025-09-21 09:37:47,333 - NetworkVisualizer - DEBUG - Packet received: [<ETH Layer>, <IP Layer>, <TCP Layer>]
2025-09-21 09:37:47,337 - NetworkVisualizer - DEBUG - Packet received: [<ETH Layer>, <IP Layer>, <TCP Layer>]
2025-09-21 09:37:47,340 - NetworkVisualizer - DEBUG - Packet received: [<ETH Layer>, <IP Layer>, <TCP Layer>]
2025-09-21 09:37:47,343 - NetworkVisualizer - DEBUG - Packet received: [<ETH Layer>, <IP Layer>, <TCP Layer>]
2025-09-21 09:37:47,353 - NetworkVisualizer - DEBUG - Packet received: [<ETH Layer>, <IP Layer>, <TCP Layer>, <DATA Layer>, <WHOIS Layer>]
2025-09-21 09:37:47,356 - NetworkVisualizer - DEBUG - Packet received: [<ETH Layer>, <IP Layer>, <TCP Layer>]
2025-09-21 09:37:47,357 - NetworkVisualizer - DEBUG - Packet received: [<ETH Layer>, <IP Layer>, <UDP Layer>, <DNS Layer>]
2025-09-21 09:37:47,361 - NetworkVisualizer - DEBUG - Packet received: [<ETH Layer>, <IP Layer>, <TCP Layer>]
2025-09-21 09:37:47,364 - NetworkVisualizer - DEBUG - Packet received: [<ETH Layer>, <IP Layer>, <TCP Layer>]
2025-09-21 09:37:47,365 - NetworkVisualizer - DEBUG - Packet received: [<ETH Layer>, <IP Layer>, <UDP Layer>, <DNS Layer>]
2025-09-21 09:37:47,366 - NetworkVisualizer - DEBUG - Packet received: [<ETH Layer>, <IP Layer>, <UDP Layer>, <DNS Layer>]
2025-09-21 09:37:47,369 - NetworkVisualizer - DEBUG - Packet received: [<ETH Layer>, <IP Layer>, <TCP Layer>]
2025-09-21 09:37:47,370 - NetworkVisualizer - DEBUG - Packet received: [<ETH Layer>, <IP Layer>, <UDP Layer>, <DNS Layer>]
2025-09-21 09:37:47,374 - NetworkVisualizer - DEBUG - Packet received: [<ETH Layer>, <IP Layer>, <TCP Layer>]
2025-09-21 09:37:47,377 - NetworkVisualizer - DEBUG - Packet received: [<ETH Layer>, <IP Layer>, <TCP Layer>]
2025-09-21 09:37:47,380 - NetworkVisualizer - DEBUG - Packet received: [<ETH Layer>, <IP Layer>, <TCP Layer>, <WHOIS Layer>]
2025-09-21 09:37:47,382 - NetworkVisualizer - DEBUG - Packet received: [<ETH Layer>, <IP Layer>, <TCP Layer>]
2025-09-21 09:37:47,384 - NetworkVisualizer - DEBUG - Packet received: [<ETH Layer>, <IP Layer>, <UDP Layer>, <DNS Layer>]
2025-09-21 09:37:47,385 - NetworkVisualizer - DEBUG - Packet received: [<ETH Layer>, <IP Layer>, <UDP Layer>, <DNS Layer>]
2025-09-21 09:37:47,385 - NetworkVisualizer - DEBUG - Packet received: [<ETH Layer>, <IP Layer>, <UDP Layer>, <DNS Layer>]
2025-09-21 09:37:47,386 - NetworkVisualizer - DEBUG - Packet received: [<ETH Layer>, <IP Layer>, <UDP Layer>, <DNS Layer>]
2025-09-21 09:37:47,390 - NetworkVisualizer - DEBUG - Packet received: [<ETH Layer>, <IP Layer>, <TCP Layer>]
2025-09-21 09:37:47,391 - NetworkVisualizer - DEBUG - Packet received: [<ETH Layer>, <IP Layer>, <UDP Layer>, <DNS Layer>]
2025-09-21 09:37:47,392 - NetworkVisualizer - DEBUG - Packet received: [<ETH Layer>, <IP Layer>, <UDP Layer>, <DNS Layer>]
2025-09-21 09:37:47,393 - NetworkVisualizer - DEBUG - Packet received: [<ETH Layer>, <IP Layer>, <UDP Layer>, <DNS Layer>]
2025-09-21 09:37:47,396 - NetworkVisualizer - DEBUG - Packet received: [<ETH Layer>, <IP Layer>, <TCP Layer>]
2025-09-21 09:37:48,139 - NetworkVisualizer - DEBUG - Packet received: [<ETH Layer>, <IP Layer>, <UDP Layer>, <DNS Layer>]
2025-09-21 09:37:48,144 - NetworkVisualizer - DEBUG - Packet received: [<ETH Layer>, <IP Layer>, <TCP Layer>]
2025-09-21 09:37:48,147 - NetworkVisualizer - DEBUG - Packet received: [<ETH Layer>, <IP Layer>, <UDP Layer>, <DNS Layer>]
2025-09-21 09:37:48,150 - NetworkVisualizer - DEBUG - Packet received: [<ETH Layer>, <IP Layer>, <TCP Layer>]
2025-09-21 09:37:48,153 - NetworkVisualizer - DEBUG - Packet received: [<ETH Layer>, <IP Layer>, <TCP Layer>]
2025-09-21 09:37:48,158 - NetworkVisualizer - DEBUG - Packet received: [<ETH Layer>, <IP Layer>, <TCP Layer>]
2025-09-21 09:37:48,162 - NetworkVisualizer - DEBUG - Packet received: [<ETH Layer>, <IP Layer>, <TCP Layer>]
2025-09-21 09:37:48,165 - NetworkVisualizer - DEBUG - Packet received: [<ETH Layer>, <IP Layer>, <TCP Layer>]
2025-09-21 09:37:48,168 - NetworkVisualizer - DEBUG - Packet received: [<ETH Layer>, <IP Layer>, <TCP Layer>]
2025-09-21 09:37:48,172 - NetworkVisualizer - DEBUG - Packet received: [<ETH Layer>, <IP Layer>, <TCP Layer>]
2025-09-21 09:37:48,177 - NetworkVisualizer - DEBUG - Packet received: [<ETH Layer>, <IP Layer>, <TCP Layer>]
2025-09-21 09:37:48,179 - NetworkVisualizer - DEBUG - Packet received: [<ETH Layer>, <IP Layer>, <TCP Layer>]
2025-09-21 09:37:48,185 - NetworkVisualizer - DEBUG - Packet received: [<ETH Layer>, <IP Layer>, <TCP Layer>]
2025-09-21 09:37:48,189 - NetworkVisualizer - DEBUG - Packet received: [<ETH Layer>, <IP Layer>, <TCP Layer>]
2025-09-21 09:37:48,194 - NetworkVisualizer - DEBUG - Packet received: [<ETH Layer>, <IP Layer>, <TCP Layer>]
2025-09-21 09:37:48,197 - NetworkVisualizer - DEBUG - Packet received: [<ETH Layer>, <IP Layer>, <TCP Layer>]
2025-09-21 09:37:48,202 - NetworkVisualizer - DEBUG - Packet received: [<ETH Layer>, <IP Layer>, <TCP Layer>]
2025-09-21 09:37:48,205 - NetworkVisualizer - DEBUG - Packet received: [<ETH Layer>, <IP Layer>, <TCP Layer>]
2025-09-21 09:37:48,208 - NetworkVisualizer - DEBUG - Packet received: [<ETH Layer>, <IP Layer>, <TCP Layer>]
2025-09-21 09:37:48,212 - NetworkVisualizer - DEBUG - Packet received: [<ETH Layer>, <IP Layer>, <TCP Layer>]
2025-09-21 09:37:48,216 - NetworkVisualizer - DEBUG - Packet received: [<ETH Layer>, <IP Layer>, <TCP Layer>, <WHOIS Layer>]
2025-09-21 09:37:48,225 - NetworkVisualizer - DEBUG - Packet received: [<ETH Layer>, <IP Layer>, <TCP Layer>, <DATA Layer>, <WHOIS Layer>]
2025-09-21 09:37:48,228 - NetworkVisualizer - DEBUG - Packet received: [<ETH Layer>, <IP Layer>, <TCP Layer>]
2025-09-21 09:37:48,231 - NetworkVisualizer - DEBUG - Packet received: [<ETH Layer>, <IP Layer>, <TCP Layer>, <TLS Layer>]
2025-09-21 09:37:48,234 - NetworkVisualizer - DEBUG - Packet received: [<ETH Layer>, <IP Layer>, <TCP Layer>]
2025-09-21 09:37:48,237 - NetworkVisualizer - DEBUG - Packet received: [<ETH Layer>, <IP Layer>, <TCP Layer>]
2025-09-21 09:37:48,240 - NetworkVisualizer - DEBUG - Packet received: [<ETH Layer>, <IP Layer>, <TCP Layer>]
2025-09-21 09:37:48,243 - NetworkVisualizer - DEBUG - Packet received: [<ETH Layer>, <IP Layer>, <TCP Layer>]
2025-09-21 09:37:48,246 - NetworkVisualizer - DEBUG - Packet received: [<ETH Layer>, <IP Layer>, <TCP Layer>]
2025-09-21 09:37:48,249 - NetworkVisualizer - DEBUG - Packet received: [<ETH Layer>, <IP Layer>, <TCP Layer>]
2025-09-21 09:37:48,253 - NetworkVisualizer - DEBUG - Packet received: [<ETH Layer>, <IP Layer>, <TCP Layer>]
2025-09-21 09:37:48,257 - NetworkVisualizer - DEBUG - Packet received: [<ETH Layer>, <IP Layer>, <TCP Layer>]
2025-09-21 09:37:48,260 - NetworkVisualizer - DEBUG - Packet received: [<ETH Layer>, <IP Layer>, <TCP Layer>]
2025-09-21 09:37:48,264 - NetworkVisualizer - DEBUG - Packet received: [<ETH Layer>, <IP Layer>, <TCP Layer>]
2025-09-21 09:37:48,269 - NetworkVisualizer - DEBUG - Packet received: [<ETH Layer>, <IP Layer>, <TCP Layer>]
2025-09-21 09:37:48,272 - NetworkVisualizer - DEBUG - Packet received: [<ETH Layer>, <IP Layer>, <TCP Layer>]
2025-09-21 09:37:48,277 - NetworkVisualizer - DEBUG - Packet received: [<ETH Layer>, <IP Layer>, <TCP Layer>]
2025-09-21 09:37:48,280 - NetworkVisualizer - DEBUG - Packet received: [<ETH Layer>, <IP Layer>, <TCP Layer>]
2025-09-21 09:37:48,284 - NetworkVisualizer - DEBUG - Packet received: [<ETH Layer>, <IP Layer>, <TCP Layer>]
2025-09-21 09:37:48,286 - NetworkVisualizer - DEBUG - Packet received: [<ETH Layer>, <IP Layer>, <TCP Layer>]
2025-09-21 09:37:48,290 - NetworkVisualizer - DEBUG - Packet received: [<ETH Layer>, <IP Layer>, <TCP Layer>]
2025-09-21 09:37:48,292 - NetworkVisualizer - DEBUG - Packet received: [<ETH Layer>, <IP Layer>, <TCP Layer>]
2025-09-21 09:37:48,296 - NetworkVisualizer - DEBUG - Packet received: [<ETH Layer>, <IP Layer>, <TCP Layer>]
2025-09-21 09:37:48,304 - NetworkVisualizer - DEBUG - Packet received: [<ETH Layer>, <IP Layer>, <TCP Layer>, <DATA Layer>, <WHOIS Layer>]
2025-09-21 09:37:48,307 - NetworkVisualizer - DEBUG - Packet received: [<ETH Layer>, <IP Layer>, <TCP Layer>]
2025-09-21 09:37:48,310 - NetworkVisualizer - DEBUG - Packet received: [<ETH Layer>, <IP Layer>, <TCP Layer>, <TLS Layer>]
2025-09-21 09:37:48,313 - NetworkVisualizer - DEBUG - Packet received: [<ETH Layer>, <IP Layer>, <TCP Layer>]
2025-09-21 09:37:48,316 - NetworkVisualizer - DEBUG - Packet received: [<ETH Layer>, <IP Layer>, <TCP Layer>]
2025-09-21 09:37:48,319 - NetworkVisualizer - DEBUG - Packet received: [<ETH Layer>, <IP Layer>, <TCP Layer>]
2025-09-21 09:37:48,325 - NetworkVisualizer - DEBUG - Packet received: [<ETH Layer>, <IP Layer>, <TCP Layer>]
2025-09-21 09:37:48,329 - NetworkVisualizer - DEBUG - Packet received: [<ETH Layer>, <IP Layer>, <TCP Layer>]
2025-09-21 09:37:48,334 - NetworkVisualizer - DEBUG - Packet received: [<ETH Layer>, <IP Layer>, <TCP Layer>]
2025-09-21 09:37:48,340 - NetworkVisualizer - DEBUG - Packet received: [<ETH Layer>, <IP Layer>, <TCP Layer>, <WHOIS Layer>]
2025-09-21 09:37:48,345 - NetworkVisualizer - DEBUG - Packet received: [<ETH Layer>, <IP Layer>, <TCP Layer>, <WHOIS Layer>]
2025-09-21 09:37:48,349 - NetworkVisualizer - DEBUG - Packet received: [<ETH Layer>, <IP Layer>, <TCP Layer>]
2025-09-21 09:37:48,353 - NetworkVisualizer - DEBUG - Packet received: [<ETH Layer>, <IP Layer>, <TCP Layer>, <WHOIS Layer>]
2025-09-21 09:37:48,357 - NetworkVisualizer - DEBUG - Packet received: [<ETH Layer>, <IP Layer>, <TCP Layer>]
2025-09-21 09:37:48,362 - NetworkVisualizer - DEBUG - Packet received: [<ETH Layer>, <IP Layer>, <TCP Layer>]
2025-09-21 09:37:48,366 - NetworkVisualizer - DEBUG - Packet received: [<ETH Layer>, <IP Layer>, <TCP Layer>]
2025-09-21 09:37:48,371 - NetworkVisualizer - DEBUG - Packet received: [<ETH Layer>, <IP Layer>, <TCP Layer>]
2025-09-21 09:37:48,376 - NetworkVisualizer - DEBUG - Packet received: [<ETH Layer>, <IP Layer>, <TCP Layer>]
2025-09-21 09:37:48,388 - NetworkVisualizer - DEBUG - Packet received: [<ETH Layer>, <IP Layer>, <TCP Layer>, <DATA Layer>, <WHOIS Layer>]
2025-09-21 09:37:48,393 - NetworkVisualizer - DEBUG - Packet received: [<ETH Layer>, <IP Layer>, <TCP Layer>]
2025-09-21 09:37:48,397 - NetworkVisualizer - DEBUG - Packet received: [<ETH Layer>, <IP Layer>, <TCP Layer>]
2025-09-21 09:37:48,402 - NetworkVisualizer - DEBUG - Packet received: [<ETH Layer>, <IP Layer>, <TCP Layer>]
2025-09-21 09:37:48,405 - NetworkVisualizer - DEBUG - Packet received: [<ETH Layer>, <IP Layer>, <TCP Layer>]
2025-09-21 09:37:48,409 - NetworkVisualizer - DEBUG - Packet received: [<ETH Layer>, <IP Layer>, <TCP Layer>]
2025-09-21 09:37:48,413 - NetworkVisualizer - DEBUG - Packet received: [<ETH Layer>, <IP Layer>, <TCP Layer>]
2025-09-21 09:37:48,418 - NetworkVisualizer - DEBUG - Packet received: [<ETH Layer>, <IP Layer>, <TCP Layer>]
2025-09-21 09:37:48,422 - NetworkVisualizer - DEBUG - Packet received: [<ETH Layer>, <IP Layer>, <TCP Layer>]
2025-09-21 09:37:48,428 - NetworkVisualizer - DEBUG - Packet received: [<ETH Layer>, <IP Layer>, <TCP Layer>]
2025-09-21 09:37:48,432 - NetworkVisualizer - DEBUG - Packet received: [<ETH Layer>, <IP Layer>, <TCP Layer>]
2025-09-21 09:37:48,440 - NetworkVisualizer - DEBUG - Packet received: [<ETH Layer>, <IP Layer>, <TCP Layer>, <DATA Layer>, <WHOIS Layer>]
2025-09-21 09:37:48,449 - NetworkVisualizer - DEBUG - Packet received: [<ETH Layer>, <IP Layer>, <TCP Layer>, <DATA Layer>, <WHOIS Layer>]
2025-09-21 09:37:48,453 - NetworkVisualizer - DEBUG - Packet received: [<ETH Layer>, <IP Layer>, <TCP Layer>]
2025-09-21 09:37:48,458 - NetworkVisualizer - DEBUG - Packet received: [<ETH Layer>, <IP Layer>, <TCP Layer>]
2025-09-21 09:37:48,461 - NetworkVisualizer - DEBUG - Packet received: [<ETH Layer>, <IP Layer>, <TCP Layer>]
2025-09-21 09:37:48,465 - NetworkVisualizer - DEBUG - Packet received: [<ETH Layer>, <IP Layer>, <TCP Layer>]
2025-09-21 09:37:48,469 - NetworkVisualizer - DEBUG - Packet received: [<ETH Layer>, <IP Layer>, <TCP Layer>]
2025-09-21 09:37:48,471 - NetworkVisualizer - DEBUG - Packet received: [<ETH Layer>, <IP Layer>, <UDP Layer>, <DNS Layer>]
2025-09-21 09:37:48,475 - NetworkVisualizer - DEBUG - Packet received: [<ETH Layer>, <IP Layer>, <TCP Layer>]
2025-09-21 09:37:48,476 - NetworkVisualizer - DEBUG - Packet received: [<ETH Layer>, <IP Layer>, <UDP Layer>, <DNS Layer>]
2025-09-21 09:37:48,477 - NetworkVisualizer - DEBUG - Packet received: [<ETH Layer>, <IP Layer>, <UDP Layer>, <DNS Layer>]
2025-09-21 09:37:48,478 - NetworkVisualizer - DEBUG - Packet received: [<ETH Layer>, <IP Layer>, <UDP Layer>, <DNS Layer>]
2025-09-21 09:37:48,479 - NetworkVisualizer - DEBUG - Packet received: [<ETH Layer>, <IP Layer>, <UDP Layer>, <DNS Layer>]
2025-09-21 09:37:48,480 - NetworkVisualizer - DEBUG - Packet received: [<ETH Layer>, <IP Layer>, <UDP Layer>, <DNS Layer>]
2025-09-21 09:37:48,482 - NetworkVisualizer - DEBUG - Packet received: [<ETH Layer>, <IP Layer>, <UDP Layer>, <DNS Layer>]
2025-09-21 09:37:48,485 - NetworkVisualizer - DEBUG - Packet received: [<ETH Layer>, <IP Layer>, <UDP Layer>, <DNS Layer>]
2025-09-21 09:37:48,640 - NetworkVisualizer - DEBUG - Packet received: [<ETH Layer>, <IP Layer>, <UDP Layer>, <DNS Layer>]
2025-09-21 09:37:48,645 - NetworkVisualizer - DEBUG - Packet received: [<ETH Layer>, <IP Layer>, <UDP Layer>, <DNS Layer>]
2025-09-21 09:37:48,655 - NetworkVisualizer - DEBUG - Packet received: [<ETH Layer>, <IP Layer>, <TCP Layer>]
2025-09-21 09:37:48,657 - NetworkVisualizer - DEBUG - Packet received: [<ETH Layer>, <IP Layer>, <UDP Layer>, <DNS Layer>]
2025-09-21 09:37:48,659 - NetworkVisualizer - DEBUG - Packet received: [<ETH Layer>, <IP Layer>, <UDP Layer>, <DNS Layer>]
2025-09-21 09:37:48,665 - NetworkVisualizer - DEBUG - Packet received: [<ETH Layer>, <IP Layer>, <TCP Layer>]
2025-09-21 09:37:48,667 - NetworkVisualizer - DEBUG - Packet received: [<ETH Layer>, <IP Layer>, <UDP Layer>, <DNS Layer>]
2025-09-21 09:37:48,673 - NetworkVisualizer - DEBUG - Packet received: [<ETH Layer>, <IP Layer>, <TCP Layer>, <TLS Layer>]
2025-09-21 09:37:48,675 - NetworkVisualizer - DEBUG - Packet received: [<ETH Layer>, <IP Layer>, <UDP Layer>, <DNS Layer>]
2025-09-21 09:37:48,677 - NetworkVisualizer - DEBUG - Packet received: [<ETH Layer>, <IP Layer>, <UDP Layer>, <DNS Layer>]
2025-09-21 09:37:48,680 - NetworkVisualizer - DEBUG - Packet received: [<ETH Layer>, <IP Layer>, <TCP Layer>, <TLS Layer>]
2025-09-21 09:37:48,684 - NetworkVisualizer - DEBUG - Packet received: [<ETH Layer>, <IP Layer>, <TCP Layer>]
2025-09-21 09:37:48,685 - NetworkVisualizer - DEBUG - Packet received: [<ETH Layer>, <IP Layer>, <UDP Layer>, <DNS Layer>]
2025-09-21 09:37:48,686 - NetworkVisualizer - DEBUG - Packet received: [<ETH Layer>, <IP Layer>, <UDP Layer>, <DNS Layer>]
2025-09-21 09:37:48,688 - NetworkVisualizer - DEBUG - Packet received: [<ETH Layer>, <IP Layer>, <UDP Layer>, <DNS Layer>]
2025-09-21 09:37:48,897 - NetworkVisualizer - DEBUG - Packet received: [<ETH Layer>, <IP Layer>, <UDP Layer>, <DNS Layer>]
2025-09-21 09:37:48,901 - NetworkVisualizer - DEBUG - Packet received: [<ETH Layer>, <IP Layer>, <UDP Layer>, <DNS Layer>]
2025-09-21 09:37:48,904 - NetworkVisualizer - DEBUG - Packet received: [<ETH Layer>, <IP Layer>, <UDP Layer>, <DNS Layer>]
2025-09-21 09:37:48,907 - NetworkVisualizer - DEBUG - Packet received: [<ETH Layer>, <IP Layer>, <UDP Layer>, <DNS Layer>]
2025-09-21 09:37:48,911 - NetworkVisualizer - DEBUG - Packet received: [<ETH Layer>, <IP Layer>, <UDP Layer>, <DNS Layer>]
2025-09-21 09:37:48,914 - NetworkVisualizer - DEBUG - Packet received: [<ETH Layer>, <IP Layer>, <UDP Layer>, <DNS Layer>]
2025-09-21 09:37:48,917 - NetworkVisualizer - DEBUG - Packet received: [<ETH Layer>, <IP Layer>, <UDP Layer>, <DNS Layer>]
2025-09-21 09:37:48,921 - NetworkVisualizer - DEBUG - Packet received: [<ETH Layer>, <IP Layer>, <UDP Layer>, <DNS Layer>]
2025-09-21 09:37:48,924 - NetworkVisualizer - DEBUG - Packet received: [<ETH Layer>, <IP Layer>, <UDP Layer>, <DNS Layer>]
2025-09-21 09:37:48,928 - NetworkVisualizer - DEBUG - Packet received: [<ETH Layer>, <IP Layer>, <UDP Layer>, <DNS Layer>]
2025-09-21 09:37:48,934 - NetworkVisualizer - DEBUG - Packet received: [<ETH Layer>, <IP Layer>, <TCP Layer>]
2025-09-21 09:37:48,936 - NetworkVisualizer - DEBUG - Packet received: [<ETH Layer>, <IP Layer>, <UDP Layer>, <DNS Layer>]
2025-09-21 09:37:48,941 - NetworkVisualizer - DEBUG - Packet received: [<ETH Layer>, <IP Layer>, <TCP Layer>]
2025-09-21 09:37:48,942 - NetworkVisualizer - DEBUG - Packet received: [<ETH Layer>, <IP Layer>, <UDP Layer>, <DNS Layer>]
2025-09-21 09:37:48,946 - NetworkVisualizer - DEBUG - Packet received: [<ETH Layer>, <IP Layer>, <TCP Layer>]
2025-09-21 09:37:48,948 - NetworkVisualizer - DEBUG - Packet received: [<ETH Layer>, <IP Layer>, <UDP Layer>, <DNS Layer>]
2025-09-21 09:37:48,950 - NetworkVisualizer - DEBUG - Packet received: [<ETH Layer>, <IP Layer>, <UDP Layer>, <DNS Layer>]
2025-09-21 09:37:48,951 - NetworkVisualizer - DEBUG - Packet received: [<ETH Layer>, <IP Layer>, <UDP Layer>, <DNS Layer>]
2025-09-21 09:37:48,952 - NetworkVisualizer - DEBUG - Packet received: [<ETH Layer>, <IP Layer>, <UDP Layer>, <DNS Layer>]
2025-09-21 09:37:48,953 - NetworkVisualizer - DEBUG - Packet received: [<ETH Layer>, <IP Layer>, <UDP Layer>, <DNS Layer>]
2025-09-21 09:37:48,956 - NetworkVisualizer - DEBUG - Packet received: [<ETH Layer>, <IP Layer>, <TCP Layer>]
2025-09-21 09:37:48,958 - NetworkVisualizer - DEBUG - Packet received: [<ETH Layer>, <IP Layer>, <UDP Layer>, <DNS Layer>]
2025-09-21 09:37:48,961 - NetworkVisualizer - DEBUG - Packet received: [<ETH Layer>, <IP Layer>, <TCP Layer>]
2025-09-21 09:37:48,963 - NetworkVisualizer - DEBUG - Packet received: [<ETH Layer>, <IP Layer>, <UDP Layer>, <DNS Layer>]
2025-09-21 09:37:48,964 - NetworkVisualizer - DEBUG - Packet received: [<ETH Layer>, <IP Layer>, <UDP Layer>, <DNS Layer>]
2025-09-21 09:37:48,967 - NetworkVisualizer - DEBUG - Packet received: [<ETH Layer>, <IP Layer>, <TCP Layer>]
2025-09-21 09:37:49,153 - NetworkVisualizer - DEBUG - Packet received: [<ETH Layer>, <IP Layer>, <UDP Layer>, <DNS Layer>]
2025-09-21 09:37:49,167 - NetworkVisualizer - DEBUG - Packet received: [<ETH Layer>, <IP Layer>, <TCP Layer>]
2025-09-21 09:37:49,179 - NetworkVisualizer - DEBUG - Packet received: [<ETH Layer>, <IP Layer>, <TCP Layer>]
2025-09-21 09:37:49,187 - NetworkVisualizer - DEBUG - Packet received: [<ETH Layer>, <IP Layer>, <TCP Layer>, <WHOIS Layer>]
2025-09-21 09:37:49,189 - NetworkVisualizer - DEBUG - Packet received: [<ETH Layer>, <IP Layer>, <UDP Layer>, <DNS Layer>]
2025-09-21 09:37:49,191 - NetworkVisualizer - DEBUG - Packet received: [<ETH Layer>, <IP Layer>, <UDP Layer>, <DNS Layer>]
2025-09-21 09:37:49,193 - NetworkVisualizer - DEBUG - Packet received: [<ETH Layer>, <IP Layer>, <UDP Layer>, <DNS Layer>]
2025-09-21 09:37:49,194 - NetworkVisualizer - DEBUG - Packet received: [<ETH Layer>, <IP Layer>, <UDP Layer>, <DNS Layer>]
2025-09-21 09:37:49,199 - NetworkVisualizer - DEBUG - Packet received: [<ETH Layer>, <IP Layer>, <TCP Layer>]
2025-09-21 09:37:49,201 - NetworkVisualizer - DEBUG - Packet received: [<ETH Layer>, <IP Layer>, <UDP Layer>, <DNS Layer>]
2025-09-21 09:37:49,204 - NetworkVisualizer - DEBUG - Packet received: [<ETH Layer>, <IP Layer>, <TCP Layer>]
2025-09-21 09:37:49,208 - NetworkVisualizer - DEBUG - Packet received: [<ETH Layer>, <IP Layer>, <TCP Layer>]
2025-09-21 09:37:49,211 - NetworkVisualizer - DEBUG - Packet received: [<ETH Layer>, <IP Layer>, <TCP Layer>, <WHOIS Layer>]
2025-09-21 09:37:49,214 - NetworkVisualizer - DEBUG - Packet received: [<ETH Layer>, <IP Layer>, <TCP Layer>]
2025-09-21 09:37:49,222 - NetworkVisualizer - DEBUG - Packet received: [<ETH Layer>, <IP Layer>, <TCP Layer>]
2025-09-21 09:37:49,226 - NetworkVisualizer - DEBUG - Packet received: [<ETH Layer>, <IP Layer>, <TCP Layer>, <WHOIS Layer>]
2025-09-21 09:37:49,227 - NetworkVisualizer - DEBUG - Packet received: [<ETH Layer>, <IP Layer>, <UDP Layer>, <DNS Layer>]
2025-09-21 09:37:49,228 - NetworkVisualizer - DEBUG - Packet received: [<ETH Layer>, <IP Layer>, <UDP Layer>, <DNS Layer>]
2025-09-21 09:37:49,229 - NetworkVisualizer - DEBUG - Packet received: [<ETH Layer>, <IP Layer>, <UDP Layer>, <DNS Layer>]
2025-09-21 09:37:49,230 - NetworkVisualizer - DEBUG - Packet received: [<ETH Layer>, <IP Layer>, <UDP Layer>, <DNS Layer>]
2025-09-21 09:37:49,231 - NetworkVisualizer - DEBUG - Packet received: [<ETH Layer>, <IP Layer>, <UDP Layer>, <DNS Layer>]
2025-09-21 09:37:49,235 - NetworkVisualizer - DEBUG - Packet received: [<ETH Layer>, <IP Layer>, <TCP Layer>]
2025-09-21 09:37:49,238 - NetworkVisualizer - DEBUG - Packet received: [<ETH Layer>, <IP Layer>, <TCP Layer>]
2025-09-21 09:37:49,241 - NetworkVisualizer - DEBUG - Packet received: [<ETH Layer>, <IP Layer>, <TCP Layer>, <WHOIS Layer>]
2025-09-21 09:37:49,249 - NetworkVisualizer - DEBUG - Packet received: [<ETH Layer>, <IP Layer>, <TCP Layer>]
2025-09-21 09:37:49,256 - NetworkVisualizer - DEBUG - Packet received: [<ETH Layer>, <IP Layer>, <TCP Layer>]
2025-09-21 09:37:49,260 - NetworkVisualizer - DEBUG - Packet received: [<ETH Layer>, <IP Layer>, <TCP Layer>, <WHOIS Layer>]
2025-09-21 09:37:49,261 - NetworkVisualizer - DEBUG - Packet received: [<ETH Layer>, <IP Layer>, <UDP Layer>, <DNS Layer>]
2025-09-21 09:37:49,264 - NetworkVisualizer - DEBUG - Packet received: [<ETH Layer>, <IP Layer>, <TCP Layer>]
2025-09-21 09:37:49,267 - NetworkVisualizer - DEBUG - Packet received: [<ETH Layer>, <IP Layer>, <TCP Layer>]
2025-09-21 09:37:49,270 - NetworkVisualizer - DEBUG - Packet received: [<ETH Layer>, <IP Layer>, <TCP Layer>, <WHOIS Layer>]
2025-09-21 09:37:49,271 - NetworkVisualizer - DEBUG - Packet received: [<ETH Layer>, <IP Layer>, <UDP Layer>, <DNS Layer>]
2025-09-21 09:37:49,275 - NetworkVisualizer - DEBUG - Packet received: [<ETH Layer>, <IP Layer>, <TCP Layer>]
2025-09-21 09:37:49,278 - NetworkVisualizer - DEBUG - Packet received: [<ETH Layer>, <IP Layer>, <TCP Layer>]
2025-09-21 09:37:49,279 - NetworkVisualizer - DEBUG - Packet received: [<ETH Layer>, <IP Layer>, <UDP Layer>, <DNS Layer>]
2025-09-21 09:37:49,288 - NetworkVisualizer - DEBUG - Packet received: [<ETH Layer>, <IP Layer>, <TCP Layer>]
2025-09-21 09:37:49,292 - NetworkVisualizer - DEBUG - Packet received: [<ETH Layer>, <IP Layer>, <TCP Layer>]
2025-09-21 09:37:49,302 - NetworkVisualizer - DEBUG - Packet received: [<ETH Layer>, <IP Layer>, <TCP Layer>, <DATA Layer>, <WHOIS Layer>]
2025-09-21 09:37:49,306 - NetworkVisualizer - DEBUG - Packet received: [<ETH Layer>, <IP Layer>, <TCP Layer>]
2025-09-21 09:37:49,307 - NetworkVisualizer - DEBUG - Packet received: [<ETH Layer>, <IP Layer>, <UDP Layer>, <DNS Layer>]
2025-09-21 09:37:49,310 - NetworkVisualizer - DEBUG - Packet received: [<ETH Layer>, <IP Layer>, <TCP Layer>]
2025-09-21 09:37:49,418 - NetworkVisualizer - DEBUG - Packet received: [<ETH Layer>, <IP Layer>, <TCP Layer>]
2025-09-21 09:37:49,448 - NetworkVisualizer - DEBUG - Packet received: [<ETH Layer>, <IP Layer>, <TCP Layer>]
2025-09-21 09:37:49,460 - NetworkVisualizer - DEBUG - Packet received: [<ETH Layer>, <IP Layer>, <TCP Layer>, <WHOIS Layer>]
2025-09-21 09:37:49,472 - NetworkVisualizer - DEBUG - Packet received: [<ETH Layer>, <IP Layer>, <TCP Layer>]
2025-09-21 09:37:49,479 - NetworkVisualizer - DEBUG - Packet received: [<ETH Layer>, <IP Layer>, <TCP Layer>]
2025-09-21 09:37:49,481 - NetworkVisualizer - DEBUG - Packet received: [<ETH Layer>, <IP Layer>, <UDP Layer>, <DNS Layer>]
2025-09-21 09:37:49,488 - NetworkVisualizer - DEBUG - Packet received: [<ETH Layer>, <IP Layer>, <TCP Layer>]
2025-09-21 09:37:49,493 - NetworkVisualizer - DEBUG - Packet received: [<ETH Layer>, <IP Layer>, <TCP Layer>]
2025-09-21 09:37:49,494 - NetworkVisualizer - DEBUG - Packet received: [<ETH Layer>, <IP Layer>, <UDP Layer>, <DNS Layer>]
2025-09-21 09:37:49,503 - NetworkVisualizer - DEBUG - Packet received: [<ETH Layer>, <IP Layer>, <TCP Layer>, <DATA Layer>, <WHOIS Layer>]
2025-09-21 09:37:49,506 - NetworkVisualizer - DEBUG - Packet received: [<ETH Layer>, <IP Layer>, <TCP Layer>]
2025-09-21 09:37:49,510 - NetworkVisualizer - DEBUG - Packet received: [<ETH Layer>, <IP Layer>, <TCP Layer>]
2025-09-21 09:37:49,513 - NetworkVisualizer - DEBUG - Packet received: [<ETH Layer>, <IP Layer>, <TCP Layer>]
2025-09-21 09:37:49,517 - NetworkVisualizer - DEBUG - Packet received: [<ETH Layer>, <IP Layer>, <TCP Layer>]
2025-09-21 09:37:49,520 - NetworkVisualizer - DEBUG - Packet received: [<ETH Layer>, <IP Layer>, <TCP Layer>]
2025-09-21 09:37:49,523 - NetworkVisualizer - DEBUG - Packet received: [<ETH Layer>, <IP Layer>, <TCP Layer>]
2025-09-21 09:37:49,526 - NetworkVisualizer - DEBUG - Packet received: [<ETH Layer>, <IP Layer>, <TCP Layer>]
2025-09-21 09:37:49,531 - NetworkVisualizer - DEBUG - Packet received: [<ETH Layer>, <IP Layer>, <TCP Layer>]
2025-09-21 09:37:49,534 - NetworkVisualizer - DEBUG - Packet received: [<ETH Layer>, <IP Layer>, <TCP Layer>]
2025-09-21 09:37:49,543 - NetworkVisualizer - DEBUG - Packet received: [<ETH Layer>, <IP Layer>, <TCP Layer>, <DATA Layer>, <WHOIS Layer>]
2025-09-21 09:37:49,557 - NetworkVisualizer - DEBUG - Packet received: [<ETH Layer>, <IP Layer>, <TCP Layer>, <DATA Layer>, <WHOIS Layer>]
2025-09-21 09:37:49,561 - NetworkVisualizer - DEBUG - Packet received: [<ETH Layer>, <IP Layer>, <TCP Layer>]
2025-09-21 09:37:49,564 - NetworkVisualizer - DEBUG - Packet received: [<ETH Layer>, <IP Layer>, <TCP Layer>]
2025-09-21 09:37:49,565 - NetworkVisualizer - DEBUG - Packet received: [<ETH Layer>, <IP Layer>, <UDP Layer>, <DNS Layer>]
2025-09-21 09:37:49,568 - NetworkVisualizer - DEBUG - Packet received: [<ETH Layer>, <IP Layer>, <TCP Layer>]
2025-09-21 09:37:49,569 - NetworkVisualizer - DEBUG - Packet received: [<ETH Layer>, <IP Layer>, <UDP Layer>, <DNS Layer>]
2025-09-21 09:37:49,570 - NetworkVisualizer - DEBUG - Packet received: [<ETH Layer>, <IP Layer>, <UDP Layer>, <DNS Layer>]
2025-09-21 09:37:49,573 - NetworkVisualizer - DEBUG - Packet received: [<ETH Layer>, <IP Layer>, <TCP Layer>]
2025-09-21 09:37:49,576 - NetworkVisualizer - DEBUG - Packet received: [<ETH Layer>, <IP Layer>, <TCP Layer>]
2025-09-21 09:37:49,579 - NetworkVisualizer - DEBUG - Packet received: [<ETH Layer>, <IP Layer>, <TCP Layer>]
2025-09-21 09:37:49,584 - NetworkVisualizer - DEBUG - Packet received: [<ETH Layer>, <IP Layer>, <TCP Layer>]
2025-09-21 09:37:49,586 - NetworkVisualizer - DEBUG - Packet received: [<ETH Layer>, <IP Layer>, <TCP Layer>]
2025-09-21 09:37:49,595 - NetworkVisualizer - DEBUG - Packet received: [<ETH Layer>, <IP Layer>, <TCP Layer>, <DATA Layer>, <WHOIS Layer>]
2025-09-21 09:37:49,598 - NetworkVisualizer - DEBUG - Packet received: [<ETH Layer>, <IP Layer>, <TCP Layer>]
2025-09-21 09:37:49,599 - NetworkVisualizer - DEBUG - Packet received: [<ETH Layer>, <IP Layer>, <UDP Layer>, <DNS Layer>]
2025-09-21 09:37:49,603 - NetworkVisualizer - DEBUG - Packet received: [<ETH Layer>, <IP Layer>, <TCP Layer>]
2025-09-21 09:37:49,606 - NetworkVisualizer - DEBUG - Packet received: [<ETH Layer>, <IP Layer>, <TCP Layer>]
2025-09-21 09:37:49,609 - NetworkVisualizer - DEBUG - Packet received: [<ETH Layer>, <IP Layer>, <TCP Layer>]
2025-09-21 09:37:49,613 - NetworkVisualizer - DEBUG - Packet received: [<ETH Layer>, <IP Layer>, <TCP Layer>]
2025-09-21 09:37:49,620 - NetworkVisualizer - DEBUG - Packet received: [<ETH Layer>, <IP Layer>, <TCP Layer>]
2025-09-21 09:37:49,629 - NetworkVisualizer - DEBUG - Packet received: [<ETH Layer>, <IP Layer>, <TCP Layer>, <DATA Layer>, <WHOIS Layer>]
2025-09-21 09:37:49,632 - NetworkVisualizer - DEBUG - Packet received: [<ETH Layer>, <IP Layer>, <TCP Layer>]
2025-09-21 09:37:49,635 - NetworkVisualizer - DEBUG - Packet received: [<ETH Layer>, <IP Layer>, <TCP Layer>]
2025-09-21 09:37:49,638 - NetworkVisualizer - DEBUG - Packet received: [<ETH Layer>, <IP Layer>, <TCP Layer>]
2025-09-21 09:37:49,641 - NetworkVisualizer - DEBUG - Packet received: [<ETH Layer>, <IP Layer>, <TCP Layer>, <WHOIS Layer>]
2025-09-21 09:37:49,667 - NetworkVisualizer - DEBUG - Packet received: [<ETH Layer>, <IP Layer>, <TCP Layer>]
2025-09-21 09:37:49,670 - NetworkVisualizer - DEBUG - Packet received: [<ETH Layer>, <IP Layer>, <TCP Layer>]
2025-09-21 09:37:49,675 - NetworkVisualizer - DEBUG - Packet received: [<ETH Layer>, <IP Layer>, <TCP Layer>]
2025-09-21 09:37:49,677 - NetworkVisualizer - DEBUG - Packet received: [<ETH Layer>, <IP Layer>, <TCP Layer>]
2025-09-21 09:37:49,680 - NetworkVisualizer - DEBUG - Packet received: [<ETH Layer>, <IP Layer>, <TCP Layer>, <TLS Layer>]
2025-09-21 09:37:49,689 - NetworkVisualizer - DEBUG - Packet received: [<ETH Layer>, <IP Layer>, <TCP Layer>, <DATA Layer>, <WHOIS Layer>]
2025-09-21 09:37:49,693 - NetworkVisualizer - DEBUG - Packet received: [<ETH Layer>, <IP Layer>, <TCP Layer>]
2025-09-21 09:37:49,696 - NetworkVisualizer - DEBUG - Packet received: [<ETH Layer>, <IP Layer>, <TCP Layer>]
2025-09-21 09:37:49,698 - NetworkVisualizer - DEBUG - Packet received: [<ETH Layer>, <IP Layer>, <TCP Layer>]
2025-09-21 09:37:49,702 - NetworkVisualizer - DEBUG - Packet received: [<ETH Layer>, <IP Layer>, <TCP Layer>]
2025-09-21 09:37:49,704 - NetworkVisualizer - DEBUG - Packet received: [<ETH Layer>, <IP Layer>, <TCP Layer>]
2025-09-21 09:37:49,707 - NetworkVisualizer - DEBUG - Packet received: [<ETH Layer>, <IP Layer>, <TCP Layer>, <WHOIS Layer>]
2025-09-21 09:37:49,710 - NetworkVisualizer - DEBUG - Packet received: [<ETH Layer>, <IP Layer>, <TCP Layer>]
2025-09-21 09:37:49,713 - NetworkVisualizer - DEBUG - Packet received: [<ETH Layer>, <IP Layer>, <TCP Layer>]
2025-09-21 09:37:49,716 - NetworkVisualizer - DEBUG - Packet received: [<ETH Layer>, <IP Layer>, <TCP Layer>, <TLS Layer>]
2025-09-21 09:37:49,719 - NetworkVisualizer - DEBUG - Packet received: [<ETH Layer>, <IP Layer>, <TCP Layer>]
2025-09-21 09:37:49,722 - NetworkVisualizer - DEBUG - Packet received: [<ETH Layer>, <IP Layer>, <TCP Layer>]
2025-09-21 09:37:49,725 - NetworkVisualizer - DEBUG - Packet received: [<ETH Layer>, <IP Layer>, <TCP Layer>]
2025-09-21 09:37:49,728 - NetworkVisualizer - DEBUG - Packet received: [<ETH Layer>, <IP Layer>, <TCP Layer>, <WHOIS Layer>]
2025-09-21 09:37:49,731 - NetworkVisualizer - DEBUG - Packet received: [<ETH Layer>, <IP Layer>, <TCP Layer>]
2025-09-21 09:37:49,734 - NetworkVisualizer - DEBUG - Packet received: [<ETH Layer>, <IP Layer>, <TCP Layer>]
2025-09-21 09:37:49,739 - NetworkVisualizer - DEBUG - Packet received: [<ETH Layer>, <IP Layer>, <TCP Layer>]
2025-09-21 09:37:49,742 - NetworkVisualizer - DEBUG - Packet received: [<ETH Layer>, <IP Layer>, <TCP Layer>]
2025-09-21 09:37:49,750 - NetworkVisualizer - DEBUG - Packet received: [<ETH Layer>, <IP Layer>, <TCP Layer>, <DATA Layer>, <WHOIS Layer>]
2025-09-21 09:37:49,754 - NetworkVisualizer - DEBUG - Packet received: [<ETH Layer>, <IP Layer>, <TCP Layer>]
2025-09-21 09:37:49,757 - NetworkVisualizer - DEBUG - Packet received: [<ETH Layer>, <IP Layer>, <TCP Layer>]
2025-09-21 09:37:49,760 - NetworkVisualizer - DEBUG - Packet received: [<ETH Layer>, <IP Layer>, <TCP Layer>]
2025-09-21 09:37:49,763 - NetworkVisualizer - DEBUG - Packet received: [<ETH Layer>, <IP Layer>, <TCP Layer>]
2025-09-21 09:37:49,767 - NetworkVisualizer - DEBUG - Packet received: [<ETH Layer>, <IP Layer>, <TCP Layer>]
2025-09-21 09:37:49,769 - NetworkVisualizer - DEBUG - Packet received: [<ETH Layer>, <IP Layer>, <TCP Layer>]
2025-09-21 09:37:49,774 - NetworkVisualizer - DEBUG - Packet received: [<ETH Layer>, <IP Layer>, <TCP Layer>]
2025-09-21 09:37:49,777 - NetworkVisualizer - DEBUG - Packet received: [<ETH Layer>, <IP Layer>, <TCP Layer>]
2025-09-21 09:37:49,926 - NetworkVisualizer - DEBUG - Packet received: [<ETH Layer>, <IP Layer>, <TCP Layer>, <DATA Layer>, <WHOIS Layer>]
2025-09-21 09:37:49,929 - NetworkVisualizer - DEBUG - Packet received: [<ETH Layer>, <IP Layer>, <TCP Layer>]
2025-09-21 09:37:49,933 - NetworkVisualizer - DEBUG - Packet received: [<ETH Layer>, <IP Layer>, <TCP Layer>]
2025-09-21 09:37:49,936 - NetworkVisualizer - DEBUG - Packet received: [<ETH Layer>, <IP Layer>, <TCP Layer>]
2025-09-21 09:37:49,941 - NetworkVisualizer - DEBUG - Packet received: [<ETH Layer>, <IP Layer>, <TCP Layer>]
2025-09-21 09:37:49,945 - NetworkVisualizer - DEBUG - Packet received: [<ETH Layer>, <IP Layer>, <TCP Layer>]
2025-09-21 09:37:49,954 - NetworkVisualizer - DEBUG - Packet received: [<ETH Layer>, <IP Layer>, <TCP Layer>, <DATA Layer>, <WHOIS Layer>]
2025-09-21 09:37:49,958 - NetworkVisualizer - DEBUG - Packet received: [<ETH Layer>, <IP Layer>, <TCP Layer>]
2025-09-21 09:37:49,961 - NetworkVisualizer - DEBUG - Packet received: [<ETH Layer>, <IP Layer>, <TCP Layer>]
2025-09-21 09:37:49,964 - NetworkVisualizer - DEBUG - Packet received: [<ETH Layer>, <IP Layer>, <TCP Layer>]
2025-09-21 09:37:50,450 - NetworkVisualizer - DEBUG - Packet received: [<ETH Layer>, <IP Layer>, <TCP Layer>, <TLS Layer>]
2025-09-21 09:37:50,700 - NetworkVisualizer - DEBUG - Packet received: [<ETH Layer>, <IP Layer>, <TCP Layer>]
2025-09-21 09:37:50,717 - NetworkVisualizer - DEBUG - Packet received: [<ETH Layer>, <IP Layer>, <TCP Layer>, <TLS Layer>]
2025-09-21 09:37:50,726 - NetworkVisualizer - DEBUG - Packet received: [<ETH Layer>, <IP Layer>, <TCP Layer>]
2025-09-21 09:37:51,465 - NetworkVisualizer - DEBUG - Packet received: [<ETH Layer>, <IP Layer>, <TCP Layer>, <TLS Layer>]
2025-09-21 09:37:51,723 - NetworkVisualizer - DEBUG - Packet received: [<ETH Layer>, <IP Layer>, <TCP Layer>, <TLS Layer>]
2025-09-21 09:37:51,738 - NetworkVisualizer - DEBUG - Packet received: [<ETH Layer>, <IP Layer>, <TCP Layer>]
2025-09-21 09:37:52,491 - NetworkVisualizer - DEBUG - Packet received: [<ETH Layer>, <IP Layer>, <TCP Layer>, <TLS Layer>]
2025-09-21 09:37:52,506 - NetworkVisualizer - DEBUG - Packet received: [<ETH Layer>, <IP Layer>, <TCP Layer>, <TLS Layer>]
2025-09-21 09:37:52,739 - NetworkVisualizer - DEBUG - Packet received: [<ETH Layer>, <IP Layer>, <UDP Layer>, <DNS Layer>]
2025-09-21 09:37:52,754 - NetworkVisualizer - DEBUG - Packet received: [<ETH Layer>, <IP Layer>, <TCP Layer>, <TLS Layer>]
2025-09-21 09:37:52,766 - NetworkVisualizer - DEBUG - Packet received: [<ETH Layer>, <IP Layer>, <TCP Layer>]
2025-09-21 09:37:52,774 - NetworkVisualizer - DEBUG - Packet received: [<ETH Layer>, <IP Layer>, <TCP Layer>, <TLS Layer>]
2025-09-21 09:37:52,779 - NetworkVisualizer - DEBUG - Packet received: [<ETH Layer>, <IP Layer>, <TCP Layer>]
2025-09-21 09:37:52,781 - NetworkVisualizer - DEBUG - Packet received: [<ETH Layer>, <IP Layer>, <UDP Layer>, <DNS Layer>]
2025-09-21 09:37:52,783 - NetworkVisualizer - DEBUG - Packet received: [<ETH Layer>, <IP Layer>, <UDP Layer>, <DNS Layer>]
2025-09-21 09:37:52,995 - NetworkVisualizer - DEBUG - Packet received: [<ETH Layer>, <IP Layer>, <UDP Layer>, <DNS Layer>]
2025-09-21 09:37:53,001 - NetworkVisualizer - DEBUG - Packet received: [<ETH Layer>, <IP Layer>, <UDP Layer>, <DNS Layer>]
2025-09-21 09:37:53,006 - NetworkVisualizer - DEBUG - Packet received: [<ETH Layer>, <IP Layer>, <UDP Layer>, <DNS Layer>]
2025-09-21 09:37:53,022 - NetworkVisualizer - DEBUG - Packet received: [<ETH Layer>, <IP Layer>, <TCP Layer>]
2025-09-21 09:37:53,260 - NetworkVisualizer - DEBUG - Packet received: [<ETH Layer>, <IP Layer>, <TCP Layer>]
2025-09-21 09:37:53,274 - NetworkVisualizer - DEBUG - Packet received: [<ETH Layer>, <IP Layer>, <TCP Layer>]
2025-09-21 09:37:53,285 - NetworkVisualizer - DEBUG - Packet received: [<ETH Layer>, <IP Layer>, <TCP Layer>, <WHOIS Layer>]
2025-09-21 09:37:53,517 - NetworkVisualizer - DEBUG - Packet received: [<ETH Layer>, <IP Layer>, <TCP Layer>]
2025-09-21 09:37:53,544 - NetworkVisualizer - DEBUG - Packet received: [<ETH Layer>, <IP Layer>, <TCP Layer>, <DATA Layer>, <WHOIS Layer>]
2025-09-21 09:37:53,550 - NetworkVisualizer - DEBUG - Packet received: [<ETH Layer>, <IP Layer>, <TCP Layer>]
2025-09-21 09:37:53,555 - NetworkVisualizer - DEBUG - Packet received: [<ETH Layer>, <IP Layer>, <TCP Layer>]
2025-09-21 09:37:53,560 - NetworkVisualizer - DEBUG - Packet received: [<ETH Layer>, <IP Layer>, <TCP Layer>]
2025-09-21 09:37:53,564 - NetworkVisualizer - DEBUG - Packet received: [<ETH Layer>, <IP Layer>, <TCP Layer>, <TLS Layer>]
2025-09-21 09:37:53,771 - NetworkVisualizer - DEBUG - Packet received: [<ETH Layer>, <IP Layer>, <TCP Layer>]
2025-09-21 09:37:53,784 - NetworkVisualizer - DEBUG - Packet received: [<ETH Layer>, <IP Layer>, <TCP Layer>]
2025-09-21 09:37:53,796 - NetworkVisualizer - DEBUG - Packet received: [<ETH Layer>, <IP Layer>, <TCP Layer>, <TLS Layer>]
2025-09-21 09:37:53,803 - NetworkVisualizer - DEBUG - Packet received: [<ETH Layer>, <IP Layer>, <TCP Layer>]
2025-09-21 09:37:54,017 - NetworkVisualizer - DEBUG - Packet received: [<ETH Layer>, <IP Layer>, <UDP Layer>, <NTP Layer>]
2025-09-21 09:37:54,273 - NetworkVisualizer - DEBUG - Packet received: [<ETH Layer>, <IP Layer>, <UDP Layer>, <DNS Layer>]
2025-09-21 09:37:54,275 - NetworkVisualizer - DEBUG - Packet received: [<ETH Layer>, <IP Layer>, <UDP Layer>, <NTP Layer>]
2025-09-21 09:37:54,530 - NetworkVisualizer - DEBUG - Packet received: [<ETH Layer>, <IP Layer>, <UDP Layer>, <DNS Layer>]
2025-09-21 09:37:54,545 - NetworkVisualizer - DEBUG - Packet received: [<ETH Layer>, <IP Layer>, <TCP Layer>, <TLS Layer>]
2025-09-21 09:37:54,786 - NetworkVisualizer - DEBUG - Packet received: [<ETH Layer>, <IP Layer>, <UDP Layer>, <DNS Layer>]
2025-09-21 09:37:54,787 - NetworkVisualizer - DEBUG - Packet received: [<ETH Layer>, <IP Layer>, <UDP Layer>, <DNS Layer>]
2025-09-21 09:37:54,788 - NetworkVisualizer - DEBUG - Packet received: [<ETH Layer>, <IP Layer>, <UDP Layer>, <DNS Layer>]
2025-09-21 09:37:54,789 - NetworkVisualizer - DEBUG - Packet received: [<ETH Layer>, <IP Layer>, <UDP Layer>, <DNS Layer>]
2025-09-21 09:37:54,793 - NetworkVisualizer - DEBUG - Packet received: [<ETH Layer>, <IP Layer>, <TCP Layer>, <TLS Layer>]
2025-09-21 09:37:54,795 - NetworkVisualizer - DEBUG - Packet received: [<ETH Layer>, <IP Layer>, <TCP Layer>]
2025-09-21 09:37:55,044 - NetworkVisualizer - DEBUG - Packet received: [<ETH Layer>, <IP Layer>, <UDP Layer>, <DNS Layer>]
2025-09-21 09:37:55,051 - NetworkVisualizer - DEBUG - Packet received: [<ETH Layer>, <IP Layer>, <UDP Layer>, <DNS Layer>]
2025-09-21 09:37:55,057 - NetworkVisualizer - DEBUG - Packet received: [<ETH Layer>, <IP Layer>, <UDP Layer>, <DNS Layer>]
2025-09-21 09:37:55,061 - NetworkVisualizer - DEBUG - Packet received: [<ETH Layer>, <IP Layer>, <UDP Layer>, <DNS Layer>]
2025-09-21 09:37:55,067 - NetworkVisualizer - DEBUG - Packet received: [<ETH Layer>, <IP Layer>, <UDP Layer>, <DNS Layer>]
2025-09-21 09:37:55,078 - NetworkVisualizer - DEBUG - Packet received: [<ETH Layer>, <IP Layer>, <TCP Layer>]
2025-09-21 09:37:55,085 - NetworkVisualizer - DEBUG - Packet received: [<ETH Layer>, <IP Layer>, <TCP Layer>]
2025-09-21 09:37:55,090 - NetworkVisualizer - DEBUG - Packet received: [<ETH Layer>, <IP Layer>, <TCP Layer>]
2025-09-21 09:37:55,095 - NetworkVisualizer - DEBUG - Packet received: [<ETH Layer>, <IP Layer>, <TCP Layer>, <WHOIS Layer>]
2025-09-21 09:37:55,890 - NetworkVisualizer - DEBUG - Packet received: [<ETH Layer>, <IP Layer>, <UDP Layer>, <DNS Layer>]
2025-09-21 09:37:56,402 - NetworkVisualizer - DEBUG - Packet received: [<ETH Layer>, <IP Layer>, <TCP Layer>]
2025-09-21 09:37:56,406 - NetworkVisualizer - DEBUG - Packet received: [<ETH Layer>, <IP Layer>, <TCP Layer>]
2025-09-21 09:37:56,409 - NetworkVisualizer - DEBUG - Packet received: [<ETH Layer>, <IP Layer>, <TCP Layer>]
2025-09-21 09:37:56,412 - NetworkVisualizer - DEBUG - Packet received: [<ETH Layer>, <IP Layer>, <TCP Layer>]
2025-09-21 09:37:56,415 - NetworkVisualizer - DEBUG - Packet received: [<ETH Layer>, <IP Layer>, <TCP Layer>]
2025-09-21 09:37:56,420 - NetworkVisualizer - DEBUG - Packet received: [<ETH Layer>, <IP Layer>, <TCP Layer>]
2025-09-21 09:37:56,424 - NetworkVisualizer - DEBUG - Packet received: [<ETH Layer>, <IP Layer>, <TCP Layer>]
2025-09-21 09:37:56,427 - NetworkVisualizer - DEBUG - Packet received: [<ETH Layer>, <IP Layer>, <TCP Layer>]
2025-09-21 09:37:56,430 - NetworkVisualizer - DEBUG - Packet received: [<ETH Layer>, <IP Layer>, <TCP Layer>]
2025-09-21 09:37:56,434 - NetworkVisualizer - DEBUG - Packet received: [<ETH Layer>, <IP Layer>, <TCP Layer>]
2025-09-21 09:37:56,437 - NetworkVisualizer - DEBUG - Packet received: [<ETH Layer>, <IP Layer>, <TCP Layer>]
2025-09-21 09:37:56,439 - NetworkVisualizer - DEBUG - Packet received: [<ETH Layer>, <IP Layer>, <TCP Layer>]
2025-09-21 09:37:56,443 - NetworkVisualizer - DEBUG - Packet received: [<ETH Layer>, <IP Layer>, <TCP Layer>]
2025-09-21 09:37:56,446 - NetworkVisualizer - DEBUG - Packet received: [<ETH Layer>, <IP Layer>, <TCP Layer>]
2025-09-21 09:37:56,450 - NetworkVisualizer - DEBUG - Packet received: [<ETH Layer>, <IP Layer>, <TCP Layer>]
2025-09-21 09:37:56,453 - NetworkVisualizer - DEBUG - Packet received: [<ETH Layer>, <IP Layer>, <TCP Layer>]
2025-09-21 09:37:56,456 - NetworkVisualizer - DEBUG - Packet received: [<ETH Layer>, <IP Layer>, <TCP Layer>]
2025-09-21 09:37:56,459 - NetworkVisualizer - DEBUG - Packet received: [<ETH Layer>, <IP Layer>, <TCP Layer>]
2025-09-21 09:37:56,462 - NetworkVisualizer - DEBUG - Packet received: [<ETH Layer>, <IP Layer>, <TCP Layer>]
2025-09-21 09:37:56,465 - NetworkVisualizer - DEBUG - Packet received: [<ETH Layer>, <IP Layer>, <TCP Layer>]
2025-09-21 09:37:56,469 - NetworkVisualizer - DEBUG - Packet received: [<ETH Layer>, <IP Layer>, <TCP Layer>]
2025-09-21 09:37:56,479 - NetworkVisualizer - DEBUG - Packet received: [<ETH Layer>, <IP Layer>, <TCP Layer>, <DATA Layer>, <WHOIS Layer>]
2025-09-21 09:37:56,483 - NetworkVisualizer - DEBUG - Packet received: [<ETH Layer>, <IP Layer>, <TCP Layer>]
2025-09-21 09:37:56,486 - NetworkVisualizer - DEBUG - Packet received: [<ETH Layer>, <IP Layer>, <TCP Layer>]
2025-09-21 09:37:56,488 - NetworkVisualizer - DEBUG - Packet received: [<ETH Layer>, <IP Layer>, <TCP Layer>]
2025-09-21 09:37:56,492 - NetworkVisualizer - DEBUG - Packet received: [<ETH Layer>, <IP Layer>, <TCP Layer>]
2025-09-21 09:37:56,494 - NetworkVisualizer - DEBUG - Packet received: [<ETH Layer>, <IP Layer>, <TCP Layer>, <WHOIS Layer>]
2025-09-21 09:37:56,498 - NetworkVisualizer - DEBUG - Packet received: [<ETH Layer>, <IP Layer>, <TCP Layer>, <TLS Layer>]
2025-09-21 09:37:56,501 - NetworkVisualizer - DEBUG - Packet received: [<ETH Layer>, <IP Layer>, <TCP Layer>]
2025-09-21 09:37:56,503 - NetworkVisualizer - DEBUG - Packet received: [<ETH Layer>, <IP Layer>, <TCP Layer>]
2025-09-21 09:37:56,507 - NetworkVisualizer - DEBUG - Packet received: [<ETH Layer>, <IP Layer>, <TCP Layer>]
2025-09-21 09:37:56,510 - NetworkVisualizer - DEBUG - Packet received: [<ETH Layer>, <IP Layer>, <TCP Layer>]
2025-09-21 09:37:56,512 - NetworkVisualizer - DEBUG - Packet received: [<ETH Layer>, <IP Layer>, <TCP Layer>]
2025-09-21 09:37:56,516 - NetworkVisualizer - DEBUG - Packet received: [<ETH Layer>, <IP Layer>, <TCP Layer>]
2025-09-21 09:37:56,518 - NetworkVisualizer - DEBUG - Packet received: [<ETH Layer>, <IP Layer>, <TCP Layer>]
2025-09-21 09:37:56,521 - NetworkVisualizer - DEBUG - Packet received: [<ETH Layer>, <IP Layer>, <TCP Layer>]
2025-09-21 09:37:56,524 - NetworkVisualizer - DEBUG - Packet received: [<ETH Layer>, <IP Layer>, <TCP Layer>]
2025-09-21 09:37:56,527 - NetworkVisualizer - DEBUG - Packet received: [<ETH Layer>, <IP Layer>, <TCP Layer>]
2025-09-21 09:37:56,531 - NetworkVisualizer - DEBUG - Packet received: [<ETH Layer>, <IP Layer>, <TCP Layer>]
2025-09-21 09:37:56,534 - NetworkVisualizer - DEBUG - Packet received: [<ETH Layer>, <IP Layer>, <TCP Layer>]
2025-09-21 09:37:56,538 - NetworkVisualizer - DEBUG - Packet received: [<ETH Layer>, <IP Layer>, <TCP Layer>]
2025-09-21 09:37:56,542 - NetworkVisualizer - DEBUG - Packet received: [<ETH Layer>, <IP Layer>, <TCP Layer>]
2025-09-21 09:37:56,546 - NetworkVisualizer - DEBUG - Packet received: [<ETH Layer>, <IP Layer>, <TCP Layer>]
2025-09-21 09:37:56,549 - NetworkVisualizer - DEBUG - Packet received: [<ETH Layer>, <IP Layer>, <TCP Layer>]
2025-09-21 09:37:56,552 - NetworkVisualizer - DEBUG - Packet received: [<ETH Layer>, <IP Layer>, <TCP Layer>]
2025-09-21 09:37:56,555 - NetworkVisualizer - DEBUG - Packet received: [<ETH Layer>, <IP Layer>, <TCP Layer>]
2025-09-21 09:37:56,558 - NetworkVisualizer - DEBUG - Packet received: [<ETH Layer>, <IP Layer>, <TCP Layer>]
2025-09-21 09:37:56,562 - NetworkVisualizer - DEBUG - Packet received: [<ETH Layer>, <IP Layer>, <TCP Layer>]
2025-09-21 09:37:56,566 - NetworkVisualizer - DEBUG - Packet received: [<ETH Layer>, <IP Layer>, <TCP Layer>]
2025-09-21 09:37:56,570 - NetworkVisualizer - DEBUG - Packet received: [<ETH Layer>, <IP Layer>, <TCP Layer>]
2025-09-21 09:37:56,581 - NetworkVisualizer - DEBUG - Packet received: [<ETH Layer>, <IP Layer>, <TCP Layer>, <DATA Layer>, <WHOIS Layer>]
2025-09-21 09:37:56,585 - NetworkVisualizer - DEBUG - Packet received: [<ETH Layer>, <IP Layer>, <TCP Layer>]
2025-09-21 09:37:56,588 - NetworkVisualizer - DEBUG - Packet received: [<ETH Layer>, <IP Layer>, <TCP Layer>, <TLS Layer>]
2025-09-21 09:37:56,592 - NetworkVisualizer - DEBUG - Packet received: [<ETH Layer>, <IP Layer>, <TCP Layer>]
2025-09-21 09:37:56,596 - NetworkVisualizer - DEBUG - Packet received: [<ETH Layer>, <IP Layer>, <TCP Layer>]
2025-09-21 09:37:56,599 - NetworkVisualizer - DEBUG - Packet received: [<ETH Layer>, <IP Layer>, <TCP Layer>]
2025-09-21 09:37:56,602 - NetworkVisualizer - DEBUG - Packet received: [<ETH Layer>, <IP Layer>, <TCP Layer>, <TLS Layer>]
2025-09-21 09:37:56,841 - NetworkVisualizer - DEBUG - Packet received: [<ETH Layer>, <IP Layer>, <TCP Layer>, <TLS Layer>]
2025-09-21 09:37:56,855 - NetworkVisualizer - DEBUG - Packet received: [<ETH Layer>, <IP Layer>, <TCP Layer>]
2025-09-21 09:37:57,600 - NetworkVisualizer - DEBUG - Packet received: [<ETH Layer>, <IP Layer>, <TCP Layer>, <TLS Layer>]
2025-09-21 09:37:57,603 - NetworkVisualizer - DEBUG - Packet received: [<ETH Layer>, <IP Layer>, <TCP Layer>, <TLS Layer>]
2025-09-21 09:37:57,609 - NetworkVisualizer - DEBUG - Packet received: [<ETH Layer>, <IP Layer>, <TCP Layer>]
2025-09-21 09:37:58,624 - NetworkVisualizer - DEBUG - Packet received: [<ETH Layer>, <IP Layer>, <TCP Layer>, <TLS Layer>]
2025-09-21 09:37:58,628 - NetworkVisualizer - DEBUG - Packet received: [<ETH Layer>, <IP Layer>, <TCP Layer>, <TLS Layer>]
2025-09-21 09:37:58,631 - NetworkVisualizer - DEBUG - Packet received: [<ETH Layer>, <IP Layer>, <TCP Layer>]
2025-09-21 09:37:59,651 - NetworkVisualizer - DEBUG - Packet received: [<ETH Layer>, <IP Layer>, <TCP Layer>, <TLS Layer>]
2025-09-21 09:37:59,909 - NetworkVisualizer - DEBUG - Packet received: [<ETH Layer>, <IP Layer>, <TCP Layer>, <TLS Layer>]
2025-09-21 09:37:59,913 - NetworkVisualizer - DEBUG - Packet received: [<ETH Layer>, <IP Layer>, <TCP Layer>]
2025-09-21 09:38:00,688 - NetworkVisualizer - DEBUG - Packet received: [<ETH Layer>, <IP Layer>, <TCP Layer>, <TLS Layer>]
2025-09-21 09:38:00,695 - NetworkVisualizer - DEBUG - Packet received: [<ETH Layer>, <IP Layer>, <UDP Layer>, <DNS Layer>]
2025-09-21 09:38:00,699 - NetworkVisualizer - DEBUG - Packet received: [<ETH Layer>, <IP Layer>, <UDP Layer>, <DNS Layer>]
2025-09-21 09:38:00,706 - NetworkVisualizer - DEBUG - Packet received: [<ETH Layer>, <IP Layer>, <TCP Layer>, <TLS Layer>]
2025-09-21 09:38:00,712 - NetworkVisualizer - DEBUG - Packet received: [<ETH Layer>, <IP Layer>, <TCP Layer>]
2025-09-21 09:38:00,718 - NetworkVisualizer - DEBUG - Packet received: [<ETH Layer>, <IP Layer>, <UDP Layer>, <QUIC Layer>, <QUIC Layer>]
2025-09-21 09:38:00,733 - NetworkVisualizer - DEBUG - Packet received: [<ETH Layer>, <IP Layer>, <UDP Layer>, <QUIC Layer>, <QUIC Layer>]
2025-09-21 09:38:00,933 - NetworkVisualizer - DEBUG - Packet received: [<ETH Layer>, <IP Layer>, <UDP Layer>, <DNS Layer>]
2025-09-21 09:38:00,940 - NetworkVisualizer - DEBUG - Packet received: [<ETH Layer>, <IP Layer>, <UDP Layer>, <DNS Layer>]
2025-09-21 09:38:00,945 - NetworkVisualizer - DEBUG - Packet received: [<ETH Layer>, <IP Layer>, <UDP Layer>, <QUIC Layer>, <QUIC Layer>]
2025-09-21 09:38:00,956 - NetworkVisualizer - DEBUG - Packet received: [<ETH Layer>, <IP Layer>, <UDP Layer>, <QUIC Layer>]
2025-09-21 09:38:00,967 - NetworkVisualizer - DEBUG - Packet received: [<ETH Layer>, <IP Layer>, <UDP Layer>, <QUIC Layer>, <QUIC Layer>]
2025-09-21 09:38:00,972 - NetworkVisualizer - DEBUG - Packet received: [<ETH Layer>, <IP Layer>, <UDP Layer>, <QUIC Layer>, <QUIC Layer>]
2025-09-21 09:38:00,978 - NetworkVisualizer - DEBUG - Packet received: [<ETH Layer>, <IP Layer>, <UDP Layer>, <QUIC Layer>]
2025-09-21 09:38:00,986 - NetworkVisualizer - DEBUG - Packet received: [<ETH Layer>, <IP Layer>, <UDP Layer>, <QUIC Layer>]
2025-09-21 09:38:00,988 - NetworkVisualizer - DEBUG - Packet received: [<ETH Layer>, <IP Layer>, <UDP Layer>, <QUIC Layer>]
2025-09-21 09:38:00,992 - NetworkVisualizer - DEBUG - Packet received: [<ETH Layer>, <IP Layer>, <UDP Layer>, <QUIC Layer>, <QUIC Layer>]
2025-09-21 09:38:00,997 - NetworkVisualizer - DEBUG - Packet received: [<ETH Layer>, <IP Layer>, <UDP Layer>, <QUIC Layer>, <QUIC Layer>]
2025-09-21 09:38:01,000 - NetworkVisualizer - DEBUG - Packet received: [<ETH Layer>, <IP Layer>, <UDP Layer>, <QUIC Layer>]
2025-09-21 09:38:01,198 - NetworkVisualizer - DEBUG - Packet received: [<ETH Layer>, <IP Layer>, <UDP Layer>, <DNS Layer>]
2025-09-21 09:38:01,230 - NetworkVisualizer - DEBUG - Packet received: [<ETH Layer>, <IP Layer>, <UDP Layer>, <DNS Layer>]
2025-09-21 09:38:01,233 - NetworkVisualizer - DEBUG - Packet received: [<ETH Layer>, <IP Layer>, <UDP Layer>, <DNS Layer>]
2025-09-21 09:38:01,238 - NetworkVisualizer - DEBUG - Packet received: [<ETH Layer>, <IP Layer>, <UDP Layer>, <DNS Layer>]
2025-09-21 09:38:01,242 - NetworkVisualizer - DEBUG - Packet received: [<ETH Layer>, <IP Layer>, <UDP Layer>, <DNS Layer>]
2025-09-21 09:38:01,245 - NetworkVisualizer - DEBUG - Packet received: [<ETH Layer>, <IP Layer>, <UDP Layer>, <DNS Layer>]
2025-09-21 09:38:01,247 - NetworkVisualizer - DEBUG - Packet received: [<ETH Layer>, <IP Layer>, <UDP Layer>, <DNS Layer>]
2025-09-21 09:38:01,253 - NetworkVisualizer - DEBUG - Packet received: [<ETH Layer>, <IP Layer>, <UDP Layer>, <DNS Layer>]
2025-09-21 09:38:01,256 - NetworkVisualizer - DEBUG - Packet received: [<ETH Layer>, <IP Layer>, <UDP Layer>, <DNS Layer>]
2025-09-21 09:38:01,257 - NetworkVisualizer - DEBUG - Packet received: [<ETH Layer>, <IP Layer>, <UDP Layer>, <DNS Layer>]
2025-09-21 09:38:01,264 - NetworkVisualizer - DEBUG - Packet received: [<ETH Layer>, <IP Layer>, <UDP Layer>, <QUIC Layer>]
2025-09-21 09:38:01,268 - NetworkVisualizer - DEBUG - Packet received: [<ETH Layer>, <IP Layer>, <UDP Layer>, <QUIC Layer>]
2025-09-21 09:38:01,270 - NetworkVisualizer - DEBUG - Packet received: [<ETH Layer>, <IP Layer>, <UDP Layer>, <DNS Layer>]
2025-09-21 09:38:01,272 - NetworkVisualizer - DEBUG - Packet received: [<ETH Layer>, <IP Layer>, <UDP Layer>, <DNS Layer>]
2025-09-21 09:38:01,275 - NetworkVisualizer - DEBUG - Packet received: [<ETH Layer>, <IP Layer>, <UDP Layer>, <DNS Layer>]
2025-09-21 09:38:01,281 - NetworkVisualizer - DEBUG - Packet received: [<ETH Layer>, <IP Layer>, <UDP Layer>, <DNS Layer>]
2025-09-21 09:38:01,283 - NetworkVisualizer - DEBUG - Packet received: [<ETH Layer>, <IP Layer>, <UDP Layer>, <QUIC Layer>]
2025-09-21 09:38:01,285 - NetworkVisualizer - DEBUG - Packet received: [<ETH Layer>, <IP Layer>, <UDP Layer>, <DNS Layer>]
2025-09-21 09:38:01,286 - NetworkVisualizer - DEBUG - Packet received: [<ETH Layer>, <IP Layer>, <UDP Layer>, <DNS Layer>]
2025-09-21 09:38:01,289 - NetworkVisualizer - DEBUG - Packet received: [<ETH Layer>, <IP Layer>, <UDP Layer>, <DNS Layer>]
2025-09-21 09:38:01,293 - NetworkVisualizer - DEBUG - Packet received: [<ETH Layer>, <IP Layer>, <UDP Layer>, <DNS Layer>]
2025-09-21 09:38:01,296 - NetworkVisualizer - DEBUG - Packet received: [<ETH Layer>, <IP Layer>, <UDP Layer>, <DNS Layer>]
2025-09-21 09:38:01,298 - NetworkVisualizer - DEBUG - Packet received: [<ETH Layer>, <IP Layer>, <UDP Layer>, <DNS Layer>]
2025-09-21 09:38:01,300 - NetworkVisualizer - DEBUG - Packet received: [<ETH Layer>, <IP Layer>, <UDP Layer>, <DNS Layer>]
2025-09-21 09:38:01,301 - NetworkVisualizer - DEBUG - Packet received: [<ETH Layer>, <IP Layer>, <UDP Layer>, <QUIC Layer>]
2025-09-21 09:38:01,305 - NetworkVisualizer - DEBUG - Packet received: [<ETH Layer>, <IP Layer>, <UDP Layer>, <DNS Layer>]
2025-09-21 09:38:01,443 - NetworkVisualizer - DEBUG - Packet received: [<ETH Layer>, <IP Layer>, <UDP Layer>, <DNS Layer>]
2025-09-21 09:38:01,454 - NetworkVisualizer - DEBUG - Packet received: [<ETH Layer>, <IP Layer>, <UDP Layer>, <DNS Layer>]
2025-09-21 09:38:01,462 - NetworkVisualizer - DEBUG - Packet received: [<ETH Layer>, <IP Layer>, <UDP Layer>, <DNS Layer>]
2025-09-21 09:38:01,468 - NetworkVisualizer - DEBUG - Packet received: [<ETH Layer>, <IP Layer>, <UDP Layer>, <DNS Layer>]
2025-09-21 09:38:01,477 - NetworkVisualizer - DEBUG - Packet received: [<ETH Layer>, <IP Layer>, <UDP Layer>, <DNS Layer>]
2025-09-21 09:38:01,484 - NetworkVisualizer - DEBUG - Packet received: [<ETH Layer>, <IP Layer>, <UDP Layer>, <DNS Layer>]
2025-09-21 09:38:01,491 - NetworkVisualizer - DEBUG - Packet received: [<ETH Layer>, <IP Layer>, <UDP Layer>, <DNS Layer>]
2025-09-21 09:38:01,498 - NetworkVisualizer - DEBUG - Packet received: [<ETH Layer>, <IP Layer>, <UDP Layer>, <DNS Layer>]
2025-09-21 09:38:01,507 - NetworkVisualizer - DEBUG - Packet received: [<ETH Layer>, <IP Layer>, <UDP Layer>, <DNS Layer>]
2025-09-21 09:38:01,517 - NetworkVisualizer - DEBUG - Packet received: [<ETH Layer>, <IP Layer>, <UDP Layer>, <DNS Layer>]
2025-09-21 09:38:01,522 - NetworkVisualizer - DEBUG - Packet received: [<ETH Layer>, <IP Layer>, <UDP Layer>, <DNS Layer>]
2025-09-21 09:38:01,527 - NetworkVisualizer - DEBUG - Packet received: [<ETH Layer>, <IP Layer>, <UDP Layer>, <QUIC Layer>]
2025-09-21 09:38:01,533 - NetworkVisualizer - DEBUG - Packet received: [<ETH Layer>, <IP Layer>, <UDP Layer>, <DNS Layer>]
2025-09-21 09:38:01,537 - NetworkVisualizer - DEBUG - Packet received: [<ETH Layer>, <IP Layer>, <UDP Layer>, <DNS Layer>]
2025-09-21 09:38:01,541 - NetworkVisualizer - DEBUG - Packet received: [<ETH Layer>, <IP Layer>, <UDP Layer>, <DNS Layer>]
2025-09-21 09:38:01,546 - NetworkVisualizer - DEBUG - Packet received: [<ETH Layer>, <IP Layer>, <UDP Layer>, <DNS Layer>]
2025-09-21 09:38:01,548 - NetworkVisualizer - DEBUG - Packet received: [<ETH Layer>, <IP Layer>, <UDP Layer>, <DNS Layer>]
2025-09-21 09:38:01,556 - NetworkVisualizer - DEBUG - Packet received: [<ETH Layer>, <IP Layer>, <TCP Layer>, <TLS Layer>]
2025-09-21 09:38:01,698 - NetworkVisualizer - DEBUG - Packet received: [<ETH Layer>, <IP Layer>, <UDP Layer>, <DNS Layer>]
2025-09-21 09:38:01,715 - NetworkVisualizer - DEBUG - Packet received: [<ETH Layer>, <IP Layer>, <TCP Layer>, <TLS Layer>]
2025-09-21 09:38:01,722 - NetworkVisualizer - DEBUG - Packet received: [<ETH Layer>, <IP Layer>, <UDP Layer>, <DNS Layer>]
2025-09-21 09:38:01,730 - NetworkVisualizer - DEBUG - Packet received: [<ETH Layer>, <IP Layer>, <UDP Layer>, <DNS Layer>]
2025-09-21 09:38:01,745 - NetworkVisualizer - DEBUG - Packet received: [<ETH Layer>, <IP Layer>, <TCP Layer>]
2025-09-21 09:38:01,753 - NetworkVisualizer - DEBUG - Packet received: [<ETH Layer>, <IP Layer>, <UDP Layer>, <DNS Layer>]
2025-09-21 09:38:01,758 - NetworkVisualizer - DEBUG - Packet received: [<ETH Layer>, <IP Layer>, <UDP Layer>, <DNS Layer>]
2025-09-21 09:38:01,776 - NetworkVisualizer - DEBUG - Packet received: [<ETH Layer>, <IP Layer>, <TCP Layer>]
2025-09-21 09:38:01,783 - NetworkVisualizer - DEBUG - Packet received: [<ETH Layer>, <IP Layer>, <UDP Layer>, <DNS Layer>]
2025-09-21 09:38:01,791 - NetworkVisualizer - DEBUG - Packet received: [<ETH Layer>, <IP Layer>, <UDP Layer>, <DNS Layer>]
2025-09-21 09:38:01,795 - NetworkVisualizer - DEBUG - Packet received: [<ETH Layer>, <IP Layer>, <UDP Layer>, <DNS Layer>]
2025-09-21 09:38:01,800 - NetworkVisualizer - DEBUG - Packet received: [<ETH Layer>, <IP Layer>, <UDP Layer>, <DNS Layer>]
2025-09-21 09:38:01,804 - NetworkVisualizer - DEBUG - Packet received: [<ETH Layer>, <IP Layer>, <UDP Layer>, <DNS Layer>]
2025-09-21 09:38:01,807 - NetworkVisualizer - DEBUG - Packet received: [<ETH Layer>, <IP Layer>, <UDP Layer>, <DNS Layer>]
2025-09-21 09:38:01,810 - NetworkVisualizer - DEBUG - Packet received: [<ETH Layer>, <IP Layer>, <UDP Layer>, <DNS Layer>]
2025-09-21 09:38:01,813 - NetworkVisualizer - DEBUG - Packet received: [<ETH Layer>, <IP Layer>, <UDP Layer>, <DNS Layer>]
2025-09-21 09:38:01,816 - NetworkVisualizer - DEBUG - Packet received: [<ETH Layer>, <IP Layer>, <UDP Layer>, <DNS Layer>]
2025-09-21 09:38:01,821 - NetworkVisualizer - DEBUG - Packet received: [<ETH Layer>, <IP Layer>, <UDP Layer>, <DNS Layer>]
2025-09-21 09:38:01,823 - NetworkVisualizer - DEBUG - Packet received: [<ETH Layer>, <IP Layer>, <UDP Layer>, <DNS Layer>]
2025-09-21 09:38:01,825 - NetworkVisualizer - DEBUG - Packet received: [<ETH Layer>, <IP Layer>, <UDP Layer>, <DNS Layer>]
2025-09-21 09:38:01,827 - NetworkVisualizer - DEBUG - Packet received: [<ETH Layer>, <IP Layer>, <UDP Layer>, <DNS Layer>]
2025-09-21 09:38:01,829 - NetworkVisualizer - DEBUG - Packet received: [<ETH Layer>, <IP Layer>, <UDP Layer>, <DNS Layer>]
2025-09-21 09:38:01,831 - NetworkVisualizer - DEBUG - Packet received: [<ETH Layer>, <IP Layer>, <UDP Layer>, <DNS Layer>]
2025-09-21 09:38:01,833 - NetworkVisualizer - DEBUG - Packet received: [<ETH Layer>, <IP Layer>, <UDP Layer>, <DNS Layer>]
2025-09-21 09:38:01,836 - NetworkVisualizer - DEBUG - Packet received: [<ETH Layer>, <IP Layer>, <UDP Layer>, <DNS Layer>]
2025-09-21 09:38:01,841 - NetworkVisualizer - DEBUG - Packet received: [<ETH Layer>, <IP Layer>, <TCP Layer>]
2025-09-21 09:38:01,843 - NetworkVisualizer - DEBUG - Packet received: [<ETH Layer>, <IP Layer>, <UDP Layer>, <DNS Layer>]
2025-09-21 09:38:01,848 - NetworkVisualizer - DEBUG - Packet received: [<ETH Layer>, <IP Layer>, <TCP Layer>]
2025-09-21 09:38:01,850 - NetworkVisualizer - DEBUG - Packet received: [<ETH Layer>, <IP Layer>, <UDP Layer>, <DNS Layer>]
2025-09-21 09:38:01,852 - NetworkVisualizer - DEBUG - Packet received: [<ETH Layer>, <IP Layer>, <UDP Layer>, <DNS Layer>]
2025-09-21 09:38:01,856 - NetworkVisualizer - DEBUG - Packet received: [<ETH Layer>, <IP Layer>, <TCP Layer>]
2025-09-21 09:38:01,862 - NetworkVisualizer - DEBUG - Packet received: [<ETH Layer>, <IP Layer>, <TCP Layer>]
2025-09-21 09:38:01,864 - NetworkVisualizer - DEBUG - Packet received: [<ETH Layer>, <IP Layer>, <UDP Layer>, <DNS Layer>]
2025-09-21 09:38:01,868 - NetworkVisualizer - DEBUG - Packet received: [<ETH Layer>, <IP Layer>, <TCP Layer>]
2025-09-21 09:38:01,869 - NetworkVisualizer - DEBUG - Packet received: [<ETH Layer>, <IP Layer>, <UDP Layer>, <DNS Layer>]
2025-09-21 09:38:01,873 - NetworkVisualizer - DEBUG - Packet received: [<ETH Layer>, <IP Layer>, <TCP Layer>]
2025-09-21 09:38:01,876 - NetworkVisualizer - DEBUG - Packet received: [<ETH Layer>, <IP Layer>, <UDP Layer>, <DNS Layer>]
2025-09-21 09:38:01,880 - NetworkVisualizer - DEBUG - Packet received: [<ETH Layer>, <IP Layer>, <TCP Layer>]
2025-09-21 09:38:01,881 - NetworkVisualizer - DEBUG - Packet received: [<ETH Layer>, <IP Layer>, <UDP Layer>, <DNS Layer>]
2025-09-21 09:38:01,885 - NetworkVisualizer - DEBUG - Packet received: [<ETH Layer>, <IP Layer>, <TCP Layer>]
2025-09-21 09:38:01,890 - NetworkVisualizer - DEBUG - Packet received: [<ETH Layer>, <IP Layer>, <UDP Layer>, <DNS Layer>]
2025-09-21 09:38:01,892 - NetworkVisualizer - DEBUG - Packet received: [<ETH Layer>, <IP Layer>, <UDP Layer>, <DNS Layer>]
2025-09-21 09:38:01,896 - NetworkVisualizer - DEBUG - Packet received: [<ETH Layer>, <IP Layer>, <TCP Layer>]
2025-09-21 09:38:01,900 - NetworkVisualizer - DEBUG - Packet received: [<ETH Layer>, <IP Layer>, <TCP Layer>]
2025-09-21 09:38:01,904 - NetworkVisualizer - DEBUG - Packet received: [<ETH Layer>, <IP Layer>, <UDP Layer>, <DNS Layer>]
2025-09-21 09:38:01,908 - NetworkVisualizer - DEBUG - Packet received: [<ETH Layer>, <IP Layer>, <TCP Layer>]
2025-09-21 09:38:01,952 - NetworkVisualizer - DEBUG - Packet received: [<ETH Layer>, <IP Layer>, <TCP Layer>]
2025-09-21 09:38:01,956 - NetworkVisualizer - DEBUG - Packet received: [<ETH Layer>, <IP Layer>, <TCP Layer>]
2025-09-21 09:38:01,963 - NetworkVisualizer - DEBUG - Packet received: [<ETH Layer>, <IP Layer>, <TCP Layer>]
2025-09-21 09:38:01,966 - NetworkVisualizer - DEBUG - Packet received: [<ETH Layer>, <IP Layer>, <TCP Layer>]
2025-09-21 09:38:01,972 - NetworkVisualizer - DEBUG - Packet received: [<ETH Layer>, <IP Layer>, <TCP Layer>]
2025-09-21 09:38:01,977 - NetworkVisualizer - DEBUG - Packet received: [<ETH Layer>, <IP Layer>, <TCP Layer>]
2025-09-21 09:38:01,980 - NetworkVisualizer - DEBUG - Packet received: [<ETH Layer>, <IP Layer>, <TCP Layer>, <WHOIS Layer>]
2025-09-21 09:38:01,986 - NetworkVisualizer - DEBUG - Packet received: [<ETH Layer>, <IP Layer>, <TCP Layer>, <WHOIS Layer>]
2025-09-21 09:38:01,991 - NetworkVisualizer - DEBUG - Packet received: [<ETH Layer>, <IP Layer>, <TCP Layer>, <WHOIS Layer>]
2025-09-21 09:38:01,994 - NetworkVisualizer - DEBUG - Packet received: [<ETH Layer>, <IP Layer>, <TCP Layer>]
2025-09-21 09:38:01,999 - NetworkVisualizer - DEBUG - Packet received: [<ETH Layer>, <IP Layer>, <TCP Layer>]
2025-09-21 09:38:02,005 - NetworkVisualizer - DEBUG - Packet received: [<ETH Layer>, <IP Layer>, <TCP Layer>]
2025-09-21 09:38:02,008 - NetworkVisualizer - DEBUG - Packet received: [<ETH Layer>, <IP Layer>, <TCP Layer>]
2025-09-21 09:38:02,013 - NetworkVisualizer - DEBUG - Packet received: [<ETH Layer>, <IP Layer>, <TCP Layer>]
2025-09-21 09:38:02,018 - NetworkVisualizer - DEBUG - Packet received: [<ETH Layer>, <IP Layer>, <TCP Layer>]
2025-09-21 09:38:02,022 - NetworkVisualizer - DEBUG - Packet received: [<ETH Layer>, <IP Layer>, <TCP Layer>, <WHOIS Layer>]
2025-09-21 09:38:02,026 - NetworkVisualizer - DEBUG - Packet received: [<ETH Layer>, <IP Layer>, <TCP Layer>, <WHOIS Layer>]
2025-09-21 09:38:02,031 - NetworkVisualizer - DEBUG - Packet received: [<ETH Layer>, <IP Layer>, <TCP Layer>, <WHOIS Layer>]
2025-09-21 09:38:02,034 - NetworkVisualizer - DEBUG - Packet received: [<ETH Layer>, <IP Layer>, <TCP Layer>]
2025-09-21 09:38:02,037 - NetworkVisualizer - DEBUG - Packet received: [<ETH Layer>, <IP Layer>, <TCP Layer>]
2025-09-21 09:38:02,041 - NetworkVisualizer - DEBUG - Packet received: [<ETH Layer>, <IP Layer>, <TCP Layer>, <WHOIS Layer>]
2025-09-21 09:38:02,045 - NetworkVisualizer - DEBUG - Packet received: [<ETH Layer>, <IP Layer>, <TCP Layer>]
2025-09-21 09:38:02,049 - NetworkVisualizer - DEBUG - Packet received: [<ETH Layer>, <IP Layer>, <TCP Layer>]
2025-09-21 09:38:02,051 - NetworkVisualizer - DEBUG - Packet received: [<ETH Layer>, <IP Layer>, <TCP Layer>, <WHOIS Layer>]
2025-09-21 09:38:02,056 - NetworkVisualizer - DEBUG - Packet received: [<ETH Layer>, <IP Layer>, <TCP Layer>]
2025-09-21 09:38:02,077 - NetworkVisualizer - DEBUG - Packet received: [<ETH Layer>, <IP Layer>, <TCP Layer>]
2025-09-21 09:38:02,081 - NetworkVisualizer - DEBUG - Packet received: [<ETH Layer>, <IP Layer>, <TCP Layer>, <WHOIS Layer>]
2025-09-21 09:38:02,085 - NetworkVisualizer - DEBUG - Packet received: [<ETH Layer>, <IP Layer>, <TCP Layer>]
2025-09-21 09:38:02,089 - NetworkVisualizer - DEBUG - Packet received: [<ETH Layer>, <IP Layer>, <TCP Layer>]
2025-09-21 09:38:02,098 - NetworkVisualizer - DEBUG - Packet received: [<ETH Layer>, <IP Layer>, <TCP Layer>]
2025-09-21 09:38:02,111 - NetworkVisualizer - DEBUG - Packet received: [<ETH Layer>, <IP Layer>, <TCP Layer>]
2025-09-21 09:38:02,115 - NetworkVisualizer - DEBUG - Packet received: [<ETH Layer>, <IP Layer>, <TCP Layer>]
2025-09-21 09:38:02,124 - NetworkVisualizer - DEBUG - Packet received: [<ETH Layer>, <IP Layer>, <TCP Layer>]
2025-09-21 09:38:02,129 - NetworkVisualizer - DEBUG - Packet received: [<ETH Layer>, <IP Layer>, <TCP Layer>, <WHOIS Layer>]
2025-09-21 09:38:02,132 - NetworkVisualizer - DEBUG - Packet received: [<ETH Layer>, <IP Layer>, <TCP Layer>, <WHOIS Layer>]
2025-09-21 09:38:02,135 - NetworkVisualizer - DEBUG - Packet received: [<ETH Layer>, <IP Layer>, <TCP Layer>, <WHOIS Layer>]
2025-09-21 09:38:02,221 - NetworkVisualizer - DEBUG - Packet received: [<ETH Layer>, <IP Layer>, <TCP Layer>]
2025-09-21 09:38:02,237 - NetworkVisualizer - DEBUG - Packet received: [<ETH Layer>, <IP Layer>, <TCP Layer>]
2025-09-21 09:38:02,247 - NetworkVisualizer - DEBUG - Packet received: [<ETH Layer>, <IP Layer>, <TCP Layer>]
2025-09-21 09:38:02,255 - NetworkVisualizer - DEBUG - Packet received: [<ETH Layer>, <IP Layer>, <TCP Layer>]
2025-09-21 09:38:02,260 - NetworkVisualizer - DEBUG - Packet received: [<ETH Layer>, <IP Layer>, <TCP Layer>]
2025-09-21 09:38:02,265 - NetworkVisualizer - DEBUG - Packet received: [<ETH Layer>, <IP Layer>, <TCP Layer>]
2025-09-21 09:38:02,272 - NetworkVisualizer - DEBUG - Packet received: [<ETH Layer>, <IP Layer>, <TCP Layer>]
2025-09-21 09:38:02,275 - NetworkVisualizer - DEBUG - Packet received: [<ETH Layer>, <IP Layer>, <TCP Layer>]
2025-09-21 09:38:02,279 - NetworkVisualizer - DEBUG - Packet received: [<ETH Layer>, <IP Layer>, <TCP Layer>]
2025-09-21 09:38:02,283 - NetworkVisualizer - DEBUG - Packet received: [<ETH Layer>, <IP Layer>, <TCP Layer>]
2025-09-21 09:38:02,288 - NetworkVisualizer - DEBUG - Packet received: [<ETH Layer>, <IP Layer>, <TCP Layer>]
2025-09-21 09:38:02,292 - NetworkVisualizer - DEBUG - Packet received: [<ETH Layer>, <IP Layer>, <TCP Layer>]
2025-09-21 09:38:02,325 - NetworkVisualizer - DEBUG - Packet received: [<ETH Layer>, <IP Layer>, <TCP Layer>, <DATA Layer>, <WHOIS Layer>]
2025-09-21 09:38:02,339 - NetworkVisualizer - DEBUG - Packet received: [<ETH Layer>, <IP Layer>, <TCP Layer>, <DATA Layer>, <WHOIS Layer>]
2025-09-21 09:38:02,349 - NetworkVisualizer - DEBUG - Packet received: [<ETH Layer>, <IP Layer>, <TCP Layer>, <DATA Layer>, <WHOIS Layer>]
2025-09-21 09:38:02,354 - NetworkVisualizer - DEBUG - Packet received: [<ETH Layer>, <IP Layer>, <TCP Layer>]
2025-09-21 09:38:02,359 - NetworkVisualizer - DEBUG - Packet received: [<ETH Layer>, <IP Layer>, <TCP Layer>]
2025-09-21 09:38:02,362 - NetworkVisualizer - DEBUG - Packet received: [<ETH Layer>, <IP Layer>, <TCP Layer>]
2025-09-21 09:38:02,369 - NetworkVisualizer - DEBUG - Packet received: [<ETH Layer>, <IP Layer>, <TCP Layer>]
2025-09-21 09:38:02,373 - NetworkVisualizer - DEBUG - Packet received: [<ETH Layer>, <IP Layer>, <TCP Layer>]
2025-09-21 09:38:02,378 - NetworkVisualizer - DEBUG - Packet received: [<ETH Layer>, <IP Layer>, <TCP Layer>]
2025-09-21 09:38:02,394 - NetworkVisualizer - DEBUG - Packet received: [<ETH Layer>, <IP Layer>, <TCP Layer>, <DATA Layer>, <WHOIS Layer>]
2025-09-21 09:38:02,398 - NetworkVisualizer - DEBUG - Packet received: [<ETH Layer>, <IP Layer>, <TCP Layer>]
2025-09-21 09:38:02,402 - NetworkVisualizer - DEBUG - Packet received: [<ETH Layer>, <IP Layer>, <TCP Layer>]
2025-09-21 09:38:02,406 - NetworkVisualizer - DEBUG - Packet received: [<ETH Layer>, <IP Layer>, <TCP Layer>]
2025-09-21 09:38:02,411 - NetworkVisualizer - DEBUG - Packet received: [<ETH Layer>, <IP Layer>, <TCP Layer>]
2025-09-21 09:38:02,416 - NetworkVisualizer - DEBUG - Packet received: [<ETH Layer>, <IP Layer>, <TCP Layer>]
2025-09-21 09:38:02,420 - NetworkVisualizer - DEBUG - Packet received: [<ETH Layer>, <IP Layer>, <TCP Layer>]
2025-09-21 09:38:02,425 - NetworkVisualizer - DEBUG - Packet received: [<ETH Layer>, <IP Layer>, <TCP Layer>]
2025-09-21 09:38:02,428 - NetworkVisualizer - DEBUG - Packet received: [<ETH Layer>, <IP Layer>, <TCP Layer>]
2025-09-21 09:38:02,433 - NetworkVisualizer - DEBUG - Packet received: [<ETH Layer>, <IP Layer>, <TCP Layer>]
2025-09-21 09:38:02,437 - NetworkVisualizer - DEBUG - Packet received: [<ETH Layer>, <IP Layer>, <TCP Layer>]
2025-09-21 09:38:02,448 - NetworkVisualizer - DEBUG - Packet received: [<ETH Layer>, <IP Layer>, <TCP Layer>, <DATA Layer>, <WHOIS Layer>]
2025-09-21 09:38:02,453 - NetworkVisualizer - DEBUG - Packet received: [<ETH Layer>, <IP Layer>, <TCP Layer>]
2025-09-21 09:38:02,456 - NetworkVisualizer - DEBUG - Packet received: [<ETH Layer>, <IP Layer>, <TCP Layer>]
2025-09-21 09:38:02,467 - NetworkVisualizer - DEBUG - Packet received: [<ETH Layer>, <IP Layer>, <TCP Layer>, <DATA Layer>, <WHOIS Layer>]
2025-09-21 09:38:02,470 - NetworkVisualizer - DEBUG - Packet received: [<ETH Layer>, <IP Layer>, <TCP Layer>]
2025-09-21 09:38:02,474 - NetworkVisualizer - DEBUG - Packet received: [<ETH Layer>, <IP Layer>, <TCP Layer>]
2025-09-21 09:38:02,479 - NetworkVisualizer - DEBUG - Packet received: [<ETH Layer>, <IP Layer>, <TCP Layer>]
2025-09-21 09:38:02,483 - NetworkVisualizer - DEBUG - Packet received: [<ETH Layer>, <IP Layer>, <TCP Layer>]
2025-09-21 09:38:02,487 - NetworkVisualizer - DEBUG - Packet received: [<ETH Layer>, <IP Layer>, <TCP Layer>]
2025-09-21 09:38:02,499 - NetworkVisualizer - DEBUG - Packet received: [<ETH Layer>, <IP Layer>, <TCP Layer>, <DATA Layer>, <WHOIS Layer>]
2025-09-21 09:38:02,503 - NetworkVisualizer - DEBUG - Packet received: [<ETH Layer>, <IP Layer>, <TCP Layer>]
2025-09-21 09:38:02,508 - NetworkVisualizer - DEBUG - Packet received: [<ETH Layer>, <IP Layer>, <TCP Layer>]
2025-09-21 09:38:02,511 - NetworkVisualizer - DEBUG - Packet received: [<ETH Layer>, <IP Layer>, <TCP Layer>]
2025-09-21 09:38:02,516 - NetworkVisualizer - DEBUG - Packet received: [<ETH Layer>, <IP Layer>, <TCP Layer>]
2025-09-21 09:38:02,519 - NetworkVisualizer - DEBUG - Packet received: [<ETH Layer>, <IP Layer>, <TCP Layer>]
2025-09-21 09:38:02,529 - NetworkVisualizer - DEBUG - Packet received: [<ETH Layer>, <IP Layer>, <TCP Layer>, <DATA Layer>, <WHOIS Layer>]
2025-09-21 09:38:02,533 - NetworkVisualizer - DEBUG - Packet received: [<ETH Layer>, <IP Layer>, <TCP Layer>]
2025-09-21 09:38:02,537 - NetworkVisualizer - DEBUG - Packet received: [<ETH Layer>, <IP Layer>, <TCP Layer>]
2025-09-21 09:38:02,540 - NetworkVisualizer - DEBUG - Packet received: [<ETH Layer>, <IP Layer>, <TCP Layer>]
2025-09-21 09:38:02,544 - NetworkVisualizer - DEBUG - Packet received: [<ETH Layer>, <IP Layer>, <TCP Layer>]
2025-09-21 09:38:02,548 - NetworkVisualizer - DEBUG - Packet received: [<ETH Layer>, <IP Layer>, <TCP Layer>]
2025-09-21 09:38:02,551 - NetworkVisualizer - DEBUG - Packet received: [<ETH Layer>, <IP Layer>, <TCP Layer>]
2025-09-21 09:38:02,555 - NetworkVisualizer - DEBUG - Packet received: [<ETH Layer>, <IP Layer>, <TCP Layer>]
2025-09-21 09:38:02,560 - NetworkVisualizer - DEBUG - Packet received: [<ETH Layer>, <IP Layer>, <TCP Layer>]
2025-09-21 09:38:02,564 - NetworkVisualizer - DEBUG - Packet received: [<ETH Layer>, <IP Layer>, <TCP Layer>]
2025-09-21 09:38:02,569 - NetworkVisualizer - DEBUG - Packet received: [<ETH Layer>, <IP Layer>, <TCP Layer>]
2025-09-21 09:38:02,572 - NetworkVisualizer - DEBUG - Packet received: [<ETH Layer>, <IP Layer>, <TCP Layer>]
2025-09-21 09:38:02,578 - NetworkVisualizer - DEBUG - Packet received: [<ETH Layer>, <IP Layer>, <TCP Layer>]
2025-09-21 09:38:02,581 - NetworkVisualizer - DEBUG - Packet received: [<ETH Layer>, <IP Layer>, <TCP Layer>]
2025-09-21 09:38:02,584 - NetworkVisualizer - DEBUG - Packet received: [<ETH Layer>, <IP Layer>, <TCP Layer>]
2025-09-21 09:38:02,589 - NetworkVisualizer - DEBUG - Packet received: [<ETH Layer>, <IP Layer>, <TCP Layer>]
2025-09-21 09:38:02,594 - NetworkVisualizer - DEBUG - Packet received: [<ETH Layer>, <IP Layer>, <TCP Layer>]
2025-09-21 09:38:02,598 - NetworkVisualizer - DEBUG - Packet received: [<ETH Layer>, <IP Layer>, <TCP Layer>]
2025-09-21 09:38:02,607 - NetworkVisualizer - DEBUG - Packet received: [<ETH Layer>, <IP Layer>, <TCP Layer>, <DATA Layer>, <WHOIS Layer>]
2025-09-21 09:38:02,617 - NetworkVisualizer - DEBUG - Packet received: [<ETH Layer>, <IP Layer>, <TCP Layer>, <DATA Layer>, <WHOIS Layer>]
2025-09-21 09:38:02,627 - NetworkVisualizer - DEBUG - Packet received: [<ETH Layer>, <IP Layer>, <TCP Layer>, <DATA Layer>, <WHOIS Layer>]
2025-09-21 09:38:02,637 - NetworkVisualizer - DEBUG - Packet received: [<ETH Layer>, <IP Layer>, <TCP Layer>, <DATA Layer>, <WHOIS Layer>]
2025-09-21 09:38:02,641 - NetworkVisualizer - DEBUG - Packet received: [<ETH Layer>, <IP Layer>, <TCP Layer>]
2025-09-21 09:38:02,645 - NetworkVisualizer - DEBUG - Packet received: [<ETH Layer>, <IP Layer>, <TCP Layer>]
2025-09-21 09:38:02,648 - NetworkVisualizer - DEBUG - Packet received: [<ETH Layer>, <IP Layer>, <TCP Layer>]
2025-09-21 09:38:02,651 - NetworkVisualizer - DEBUG - Packet received: [<ETH Layer>, <IP Layer>, <TCP Layer>]
2025-09-21 09:38:02,654 - NetworkVisualizer - DEBUG - Packet received: [<ETH Layer>, <IP Layer>, <TCP Layer>]
2025-09-21 09:38:02,658 - NetworkVisualizer - DEBUG - Packet received: [<ETH Layer>, <IP Layer>, <TCP Layer>]
2025-09-21 09:38:02,662 - NetworkVisualizer - DEBUG - Packet received: [<ETH Layer>, <IP Layer>, <TCP Layer>]
2025-09-21 09:38:02,665 - NetworkVisualizer - DEBUG - Packet received: [<ETH Layer>, <IP Layer>, <TCP Layer>]
2025-09-21 09:38:02,668 - NetworkVisualizer - DEBUG - Packet received: [<ETH Layer>, <IP Layer>, <TCP Layer>]
2025-09-21 09:38:02,673 - NetworkVisualizer - DEBUG - Packet received: [<ETH Layer>, <IP Layer>, <TCP Layer>]
2025-09-21 09:38:02,676 - NetworkVisualizer - DEBUG - Packet received: [<ETH Layer>, <IP Layer>, <TCP Layer>]
2025-09-21 09:38:02,680 - NetworkVisualizer - DEBUG - Packet received: [<ETH Layer>, <IP Layer>, <TCP Layer>]
2025-09-21 09:38:02,684 - NetworkVisualizer - DEBUG - Packet received: [<ETH Layer>, <IP Layer>, <TCP Layer>]
2025-09-21 09:38:02,688 - NetworkVisualizer - DEBUG - Packet received: [<ETH Layer>, <IP Layer>, <TCP Layer>, <TLS Layer>]
2025-09-21 09:38:02,731 - NetworkVisualizer - DEBUG - Packet received: [<ETH Layer>, <IP Layer>, <TCP Layer>]
2025-09-21 09:38:02,741 - NetworkVisualizer - DEBUG - Packet received: [<ETH Layer>, <IP Layer>, <TCP Layer>]
2025-09-21 09:38:02,975 - NetworkVisualizer - DEBUG - Packet received: [<ETH Layer>, <IP Layer>, <TCP Layer>]
2025-09-21 09:38:02,980 - NetworkVisualizer - DEBUG - Packet received: [<ETH Layer>, <IP Layer>, <TCP Layer>]
2025-09-21 09:38:02,984 - NetworkVisualizer - DEBUG - Packet received: [<ETH Layer>, <IP Layer>, <TCP Layer>, <TLS Layer>]
2025-09-21 09:38:02,987 - NetworkVisualizer - DEBUG - Packet received: [<ETH Layer>, <IP Layer>, <TCP Layer>]
2025-09-21 09:38:03,492 - NetworkVisualizer - DEBUG - Packet received: [<ETH Layer>, <IP Layer>, <TCP Layer>, <TLS Layer>]
2025-09-21 09:38:03,755 - NetworkVisualizer - DEBUG - Packet received: [<ETH Layer>, <IP Layer>, <TCP Layer>, <TLS Layer>]
2025-09-21 09:38:03,771 - NetworkVisualizer - DEBUG - Packet received: [<ETH Layer>, <IP Layer>, <TCP Layer>]
2025-09-21 09:38:04,524 - NetworkVisualizer - DEBUG - Packet received: [<ETH Layer>, <IP Layer>, <TCP Layer>]
2025-09-21 09:38:04,542 - NetworkVisualizer - DEBUG - Packet received: [<ETH Layer>, <IP Layer>, <TCP Layer>, <TLS Layer>]
2025-09-21 09:38:04,779 - NetworkVisualizer - DEBUG - Packet received: [<ETH Layer>, <IP Layer>, <TCP Layer>]
2025-09-21 09:38:04,796 - NetworkVisualizer - DEBUG - Packet received: [<ETH Layer>, <IP Layer>, <TCP Layer>]
2025-09-21 09:38:04,812 - NetworkVisualizer - DEBUG - Packet received: [<ETH Layer>, <IP Layer>, <TCP Layer>, <TLS Layer>]
2025-09-21 09:38:04,831 - NetworkVisualizer - DEBUG - Packet received: [<ETH Layer>, <IP Layer>, <TCP Layer>, <DATA Layer>, <TLS Layer>]
2025-09-21 09:38:04,838 - NetworkVisualizer - DEBUG - Packet received: [<ETH Layer>, <IP Layer>, <TCP Layer>, <TLS Layer>]
2025-09-21 09:38:04,844 - NetworkVisualizer - DEBUG - Packet received: [<ETH Layer>, <IP Layer>, <TCP Layer>]
2025-09-21 09:38:04,848 - NetworkVisualizer - DEBUG - Packet received: [<ETH Layer>, <IP Layer>, <TCP Layer>]
2025-09-21 09:38:04,861 - NetworkVisualizer - DEBUG - Packet received: [<ETH Layer>, <IP Layer>, <TCP Layer>, <DATA Layer>, <TLS Layer>]
2025-09-21 09:38:04,862 - NetworkVisualizer - DEBUG - Packet received: [<ETH Layer>, <IP Layer>, <UDP Layer>, <DNS Layer>]
2025-09-21 09:38:04,866 - NetworkVisualizer - DEBUG - Packet received: [<ETH Layer>, <IP Layer>, <TCP Layer>, <TLS Layer>]
2025-09-21 09:38:04,870 - NetworkVisualizer - DEBUG - Packet received: [<ETH Layer>, <IP Layer>, <TCP Layer>]
2025-09-21 09:38:04,872 - NetworkVisualizer - DEBUG - Packet received: [<ETH Layer>, <IP Layer>, <UDP Layer>, <DNS Layer>]
2025-09-21 09:38:04,875 - NetworkVisualizer - DEBUG - Packet received: [<ETH Layer>, <IP Layer>, <TCP Layer>]
2025-09-21 09:38:04,880 - NetworkVisualizer - DEBUG - Packet received: [<ETH Layer>, <IP Layer>, <TCP Layer>]
2025-09-21 09:38:04,884 - NetworkVisualizer - DEBUG - Packet received: [<ETH Layer>, <IP Layer>, <TCP Layer>]
2025-09-21 09:38:04,887 - NetworkVisualizer - DEBUG - Packet received: [<ETH Layer>, <IP Layer>, <TCP Layer>]
2025-09-21 09:38:04,895 - NetworkVisualizer - DEBUG - Packet received: [<ETH Layer>, <IP Layer>, <TCP Layer>, <TLS Layer>]
2025-09-21 09:38:04,898 - NetworkVisualizer - DEBUG - Packet received: [<ETH Layer>, <IP Layer>, <TCP Layer>]
2025-09-21 09:38:04,903 - NetworkVisualizer - DEBUG - Packet received: [<ETH Layer>, <IP Layer>, <TCP Layer>]
2025-09-21 09:38:04,907 - NetworkVisualizer - DEBUG - Packet received: [<ETH Layer>, <IP Layer>, <TCP Layer>]
2025-09-21 09:38:04,916 - NetworkVisualizer - DEBUG - Packet received: [<ETH Layer>, <IP Layer>, <TCP Layer>, <DATA Layer>, <TLS Layer>]
2025-09-21 09:38:04,919 - NetworkVisualizer - DEBUG - Packet received: [<ETH Layer>, <IP Layer>, <TCP Layer>]
2025-09-21 09:38:04,923 - NetworkVisualizer - DEBUG - Packet received: [<ETH Layer>, <IP Layer>, <TCP Layer>, <TLS Layer>]
2025-09-21 09:38:04,927 - NetworkVisualizer - DEBUG - Packet received: [<ETH Layer>, <IP Layer>, <TCP Layer>, <TLS Layer>]
2025-09-21 09:38:04,928 - NetworkVisualizer - DEBUG - Packet received: [<ETH Layer>, <IP Layer>, <UDP Layer>, <DNS Layer>]
2025-09-21 09:38:05,023 - NetworkVisualizer - DEBUG - Packet received: [<ETH Layer>, <IP Layer>, <TCP Layer>]
2025-09-21 09:38:05,028 - NetworkVisualizer - DEBUG - Packet received: [<ETH Layer>, <IP Layer>, <TCP Layer>, <TLS Layer>]
2025-09-21 09:38:05,033 - NetworkVisualizer - DEBUG - Packet received: [<ETH Layer>, <IP Layer>, <TCP Layer>, <TLS Layer>]
2025-09-21 09:38:05,038 - NetworkVisualizer - DEBUG - Packet received: [<ETH Layer>, <IP Layer>, <TCP Layer>]
2025-09-21 09:38:05,039 - NetworkVisualizer - DEBUG - Packet received: [<ETH Layer>, <IP Layer>, <UDP Layer>, <DNS Layer>]
2025-09-21 09:38:05,040 - NetworkVisualizer - DEBUG - Packet received: [<ETH Layer>, <IP Layer>, <UDP Layer>, <DNS Layer>]
2025-09-21 09:38:05,043 - NetworkVisualizer - DEBUG - Packet received: [<ETH Layer>, <IP Layer>, <TCP Layer>]
2025-09-21 09:38:05,048 - NetworkVisualizer - DEBUG - Packet received: [<ETH Layer>, <IP Layer>, <TCP Layer>]
2025-09-21 09:38:05,057 - NetworkVisualizer - DEBUG - Packet received: [<ETH Layer>, <IP Layer>, <TCP Layer>, <TLS Layer>]
2025-09-21 09:38:05,061 - NetworkVisualizer - DEBUG - Packet received: [<ETH Layer>, <IP Layer>, <UDP Layer>, <DNS Layer>]
2025-09-21 09:38:05,065 - NetworkVisualizer - DEBUG - Packet received: [<ETH Layer>, <IP Layer>, <TCP Layer>]
2025-09-21 09:38:05,068 - NetworkVisualizer - DEBUG - Packet received: [<ETH Layer>, <IP Layer>, <TCP Layer>]
2025-09-21 09:38:05,278 - NetworkVisualizer - DEBUG - Packet received: [<ETH Layer>, <IP Layer>, <TCP Layer>]
2025-09-21 09:38:05,283 - NetworkVisualizer - DEBUG - Packet received: [<ETH Layer>, <IP Layer>, <TCP Layer>, <TLS Layer>]
2025-09-21 09:38:05,286 - NetworkVisualizer - DEBUG - Packet received: [<ETH Layer>, <IP Layer>, <TCP Layer>]
2025-09-21 09:38:05,289 - NetworkVisualizer - DEBUG - Packet received: [<ETH Layer>, <IP Layer>, <TCP Layer>, <TLS Layer>]
2025-09-21 09:38:05,294 - NetworkVisualizer - DEBUG - Packet received: [<ETH Layer>, <IP Layer>, <TCP Layer>, <TLS Layer>]
2025-09-21 09:38:05,299 - NetworkVisualizer - DEBUG - Packet received: [<ETH Layer>, <IP Layer>, <TCP Layer>]
2025-09-21 09:38:05,304 - NetworkVisualizer - DEBUG - Packet received: [<ETH Layer>, <IP Layer>, <TCP Layer>]
2025-09-21 09:38:05,315 - NetworkVisualizer - DEBUG - Packet received: [<ETH Layer>, <IP Layer>, <TCP Layer>, <DATA Layer>, <TLS Layer>]
2025-09-21 09:38:05,319 - NetworkVisualizer - DEBUG - Packet received: [<ETH Layer>, <IP Layer>, <TCP Layer>]
2025-09-21 09:38:05,326 - NetworkVisualizer - DEBUG - Packet received: [<ETH Layer>, <IP Layer>, <TCP Layer>]
2025-09-21 09:38:05,329 - NetworkVisualizer - DEBUG - Packet received: [<ETH Layer>, <IP Layer>, <TCP Layer>, <WHOIS Layer>]
2025-09-21 09:38:05,332 - NetworkVisualizer - DEBUG - Packet received: [<ETH Layer>, <IP Layer>, <TCP Layer>]
2025-09-21 09:38:05,334 - NetworkVisualizer - DEBUG - Packet received: [<ETH Layer>, <IP Layer>, <TCP Layer>]
2025-09-21 09:38:05,339 - NetworkVisualizer - DEBUG - Packet received: [<ETH Layer>, <IP Layer>, <TCP Layer>, <TLS Layer>]
2025-09-21 09:38:05,345 - NetworkVisualizer - DEBUG - Packet received: [<ETH Layer>, <IP Layer>, <TCP Layer>, <DATA Layer>, <TLS Layer>]
2025-09-21 09:38:05,348 - NetworkVisualizer - DEBUG - Packet received: [<ETH Layer>, <IP Layer>, <TCP Layer>]
2025-09-21 09:38:05,353 - NetworkVisualizer - DEBUG - Packet received: [<ETH Layer>, <IP Layer>, <TCP Layer>, <TLS Layer>]
2025-09-21 09:38:05,356 - NetworkVisualizer - DEBUG - Packet received: [<ETH Layer>, <IP Layer>, <TCP Layer>, <TLS Layer>]
2025-09-21 09:38:05,359 - NetworkVisualizer - DEBUG - Packet received: [<ETH Layer>, <IP Layer>, <TCP Layer>]
2025-09-21 09:38:05,547 - NetworkVisualizer - DEBUG - Packet received: [<ETH Layer>, <IP Layer>, <TCP Layer>]
2025-09-21 09:38:05,562 - NetworkVisualizer - DEBUG - Packet received: [<ETH Layer>, <IP Layer>, <TCP Layer>]
2025-09-21 09:38:05,573 - NetworkVisualizer - DEBUG - Packet received: [<ETH Layer>, <IP Layer>, <TCP Layer>]
2025-09-21 09:38:05,579 - NetworkVisualizer - DEBUG - Packet received: [<ETH Layer>, <IP Layer>, <TCP Layer>]
2025-09-21 09:38:05,585 - NetworkVisualizer - DEBUG - Packet received: [<ETH Layer>, <IP Layer>, <TCP Layer>]
2025-09-21 09:38:05,590 - NetworkVisualizer - DEBUG - Packet received: [<ETH Layer>, <IP Layer>, <TCP Layer>]
2025-09-21 09:38:05,594 - NetworkVisualizer - DEBUG - Packet received: [<ETH Layer>, <IP Layer>, <TCP Layer>]
2025-09-21 09:38:05,599 - NetworkVisualizer - DEBUG - Packet received: [<ETH Layer>, <IP Layer>, <TCP Layer>]
2025-09-21 09:38:05,602 - NetworkVisualizer - DEBUG - Packet received: [<ETH Layer>, <IP Layer>, <TCP Layer>]
2025-09-21 09:38:05,611 - NetworkVisualizer - DEBUG - Packet received: [<ETH Layer>, <IP Layer>, <TCP Layer>, <DATA Layer>, <WHOIS Layer>]
2025-09-21 09:38:05,614 - NetworkVisualizer - DEBUG - Packet received: [<ETH Layer>, <IP Layer>, <TCP Layer>]
2025-09-21 09:38:05,617 - NetworkVisualizer - DEBUG - Packet received: [<ETH Layer>, <IP Layer>, <TCP Layer>, <TLS Layer>]
2025-09-21 09:38:05,620 - NetworkVisualizer - DEBUG - Packet received: [<ETH Layer>, <IP Layer>, <TCP Layer>]
2025-09-21 09:38:05,803 - NetworkVisualizer - DEBUG - Packet received: [<ETH Layer>, <IP Layer>, <TCP Layer>, <TLS Layer>]
2025-09-21 09:38:05,817 - NetworkVisualizer - DEBUG - Packet received: [<ETH Layer>, <IP Layer>, <TCP Layer>]
2025-09-21 09:38:06,564 - NetworkVisualizer - DEBUG - Packet received: [<ETH Layer>, <IP Layer>, <TCP Layer>, <TLS Layer>]
2025-09-21 09:38:06,816 - NetworkVisualizer - DEBUG - Packet received: [<ETH Layer>, <IP Layer>, <TCP Layer>, <TLS Layer>]
2025-09-21 09:38:06,820 - NetworkVisualizer - DEBUG - Packet received: [<ETH Layer>, <IP Layer>, <TCP Layer>]
2025-09-21 09:38:07,588 - NetworkVisualizer - DEBUG - Packet received: [<ETH Layer>, <IP Layer>, <TCP Layer>, <TLS Layer>]
2025-09-21 09:38:07,591 - NetworkVisualizer - DEBUG - Packet received: [<ETH Layer>, <IP Layer>, <TCP Layer>, <TLS Layer>]
2025-09-21 09:38:07,594 - NetworkVisualizer - DEBUG - Packet received: [<ETH Layer>, <IP Layer>, <TCP Layer>]
2025-09-21 09:38:08,612 - NetworkVisualizer - DEBUG - Packet received: [<ETH Layer>, <IP Layer>, <TCP Layer>, <TLS Layer>]
2025-09-21 09:38:08,615 - NetworkVisualizer - DEBUG - Packet received: [<ETH Layer>, <IP Layer>, <TCP Layer>, <TLS Layer>]
2025-09-21 09:38:08,618 - NetworkVisualizer - DEBUG - Packet received: [<ETH Layer>, <IP Layer>, <TCP Layer>]
2025-09-21 09:38:09,636 - NetworkVisualizer - DEBUG - Packet received: [<ETH Layer>, <IP Layer>, <TCP Layer>, <TLS Layer>]
2025-09-21 09:38:09,639 - NetworkVisualizer - DEBUG - Packet received: [<ETH Layer>, <IP Layer>, <TCP Layer>, <TLS Layer>]
2025-09-21 09:38:09,642 - NetworkVisualizer - DEBUG - Packet received: [<ETH Layer>, <IP Layer>, <TCP Layer>]
2025-09-21 09:38:10,660 - NetworkVisualizer - DEBUG - Packet received: [<ETH Layer>, <IP Layer>, <TCP Layer>, <TLS Layer>]
2025-09-21 09:38:10,663 - NetworkVisualizer - DEBUG - Packet received: [<ETH Layer>, <IP Layer>, <TCP Layer>, <TLS Layer>]
2025-09-21 09:38:10,666 - NetworkVisualizer - DEBUG - Packet received: [<ETH Layer>, <IP Layer>, <TCP Layer>]
2025-09-21 09:38:11,690 - NetworkVisualizer - DEBUG - Packet received: [<ETH Layer>, <IP Layer>, <TCP Layer>, <TLS Layer>]
2025-09-21 09:38:11,705 - NetworkVisualizer - DEBUG - Packet received: [<ETH Layer>, <IP Layer>, <TCP Layer>, <TLS Layer>]
2025-09-21 09:38:11,715 - NetworkVisualizer - DEBUG - Packet received: [<ETH Layer>, <IP Layer>, <TCP Layer>]
2025-09-21 09:38:12,451 - NetworkVisualizer - DEBUG - Packet received: [<ETH Layer>, <IP Layer>, <TCP Layer>, <TLS Layer>]
2025-09-21 09:38:12,716 - NetworkVisualizer - DEBUG - Packet received: [<ETH Layer>, <IP Layer>, <TCP Layer>, <TLS Layer>]
2025-09-21 09:38:12,724 - NetworkVisualizer - DEBUG - Packet received: [<ETH Layer>, <IP Layer>, <TCP Layer>]
2025-09-21 09:38:13,476 - NetworkVisualizer - DEBUG - Packet received: [<ETH Layer>, <IP Layer>, <TCP Layer>, <TLS Layer>]
2025-09-21 09:38:13,740 - NetworkVisualizer - DEBUG - Packet received: [<ETH Layer>, <IP Layer>, <TCP Layer>, <TLS Layer>]
2025-09-21 09:38:13,754 - NetworkVisualizer - DEBUG - Packet received: [<ETH Layer>, <IP Layer>, <TCP Layer>]
2025-09-21 09:38:13,765 - NetworkVisualizer - DEBUG - Packet received: [<ETH Layer>, <IP Layer>, <TCP Layer>, <TLS Layer>]
2025-09-21 09:38:13,985 - NetworkVisualizer - DEBUG - Packet received: [<ETH Layer>, <IP Layer>, <UDP Layer>, <DNS Layer>]
2025-09-21 09:38:13,989 - NetworkVisualizer - DEBUG - Packet received: [<ETH Layer>, <IP Layer>, <TCP Layer>, <TLS Layer>]
2025-09-21 09:38:13,992 - NetworkVisualizer - DEBUG - Packet received: [<ETH Layer>, <IP Layer>, <TCP Layer>]
2025-09-21 09:38:13,993 - NetworkVisualizer - DEBUG - Packet received: [<ETH Layer>, <IP Layer>, <UDP Layer>, <DNS Layer>]
2025-09-21 09:38:13,994 - NetworkVisualizer - DEBUG - Packet received: [<ETH Layer>, <IP Layer>, <UDP Layer>, <DNS Layer>]
2025-09-21 09:38:14,498 - NetworkVisualizer - DEBUG - Packet received: [<ETH Layer>, <IP Layer>, <UDP Layer>, <DNS Layer>]
2025-09-21 09:38:14,500 - NetworkVisualizer - DEBUG - Packet received: [<ETH Layer>, <IP Layer>, <UDP Layer>, <DNS Layer>]
2025-09-21 09:38:14,501 - NetworkVisualizer - DEBUG - Packet received: [<ETH Layer>, <IP Layer>, <UDP Layer>, <DNS Layer>]
2025-09-21 09:38:14,504 - NetworkVisualizer - DEBUG - Packet received: [<ETH Layer>, <IP Layer>, <TCP Layer>]
2025-09-21 09:38:14,507 - NetworkVisualizer - DEBUG - Packet received: [<ETH Layer>, <IP Layer>, <TCP Layer>, <TLS Layer>]
2025-09-21 09:38:14,763 - NetworkVisualizer - DEBUG - Packet received: [<ETH Layer>, <IP Layer>, <TCP Layer>]
2025-09-21 09:38:14,777 - NetworkVisualizer - DEBUG - Packet received: [<ETH Layer>, <IP Layer>, <TCP Layer>]
2025-09-21 09:38:14,788 - NetworkVisualizer - DEBUG - Packet received: [<ETH Layer>, <IP Layer>, <TCP Layer>, <WHOIS Layer>]
2025-09-21 09:38:15,018 - NetworkVisualizer - DEBUG - Packet received: [<ETH Layer>, <IP Layer>, <TCP Layer>, <TLS Layer>]
2025-09-21 09:38:15,033 - NetworkVisualizer - DEBUG - Packet received: [<ETH Layer>, <IP Layer>, <TCP Layer>]
2025-09-21 09:38:15,045 - NetworkVisualizer - DEBUG - Packet received: [<ETH Layer>, <IP Layer>, <TCP Layer>]
2025-09-21 09:38:15,054 - NetworkVisualizer - DEBUG - Packet received: [<ETH Layer>, <IP Layer>, <TCP Layer>]
2025-09-21 09:38:15,059 - NetworkVisualizer - DEBUG - Packet received: [<ETH Layer>, <IP Layer>, <TCP Layer>]
2025-09-21 09:38:15,063 - NetworkVisualizer - DEBUG - Packet received: [<ETH Layer>, <IP Layer>, <TCP Layer>]
2025-09-21 09:38:15,073 - NetworkVisualizer - DEBUG - Packet received: [<ETH Layer>, <IP Layer>, <TCP Layer>, <DATA Layer>, <WHOIS Layer>]
2025-09-21 09:38:15,076 - NetworkVisualizer - DEBUG - Packet received: [<ETH Layer>, <IP Layer>, <TCP Layer>]
2025-09-21 09:38:15,274 - NetworkVisualizer - DEBUG - Packet received: [<ETH Layer>, <IP Layer>, <TCP Layer>]
2025-09-21 09:38:15,524 - NetworkVisualizer - DEBUG - Packet received: [<ETH Layer>, <IP Layer>, <TCP Layer>, <TLS Layer>]
2025-09-21 09:38:15,787 - NetworkVisualizer - DEBUG - Packet received: [<ETH Layer>, <IP Layer>, <TCP Layer>, <TLS Layer>]
2025-09-21 09:38:15,801 - NetworkVisualizer - DEBUG - Packet received: [<ETH Layer>, <IP Layer>, <TCP Layer>]
2025-09-21 09:38:16,559 - NetworkVisualizer - DEBUG - Packet received: [<ETH Layer>, <IP Layer>, <TCP Layer>, <TLS Layer>]
2025-09-21 09:38:16,812 - NetworkVisualizer - DEBUG - Packet received: [<ETH Layer>, <IP Layer>, <TCP Layer>, <TLS Layer>]
2025-09-21 09:38:16,829 - NetworkVisualizer - DEBUG - Packet received: [<ETH Layer>, <IP Layer>, <TCP Layer>]
2025-09-21 09:38:17,579 - NetworkVisualizer - DEBUG - Packet received: [<ETH Layer>, <IP Layer>, <TCP Layer>, <TLS Layer>]
2025-09-21 09:38:17,838 - NetworkVisualizer - DEBUG - Packet received: [<ETH Layer>, <IP Layer>, <TCP Layer>, <TLS Layer>]
2025-09-21 09:38:17,854 - NetworkVisualizer - DEBUG - Packet received: [<ETH Layer>, <IP Layer>, <TCP Layer>]
2025-09-21 10:04:04,155 - NetworkVisualizer - INFO - Configuration loaded successfully.
2025-09-21 10:04:38,118 - NetworkVisualizer - INFO - Configuration loaded successfully.
2025-09-21 10:04:38,384 - NetworkVisualizer - INFO - Initializing Network Visualizer...
2025-09-21 10:04:38,385 - NetworkVisualizer - INFO - Attempting to download threat intelligence blocklist...
2025-09-21 10:04:38,385 - NetworkVisualizer - INFO - Starting web server on http://127.0.0.1:8080
2025-09-21 10:04:39,075 - NetworkVisualizer - INFO - Threat intelligence list updated successfully. Found 4483 malicious IPs.
2025-09-21 10:04:46,854 - NetworkVisualizer - INFO - Configuration loaded successfully.
2025-09-21 10:04:47,115 - NetworkVisualizer - INFO - Initializing Network Visualizer...
2025-09-21 10:04:47,115 - NetworkVisualizer - INFO - Attempting to download threat intelligence blocklist...
2025-09-21 10:04:47,115 - NetworkVisualizer - INFO - Starting web server on http://127.0.0.1:8080
2025-09-21 10:04:47,971 - NetworkVisualizer - INFO - Threat intelligence list updated successfully. Found 4483 malicious IPs.
2025-09-21 10:04:52,194 - NetworkVisualizer - INFO - Attempting to start packet capture on interface: wlan0
2025-09-21 10:04:52,194 - NetworkVisualizer - INFO - Sniffer thread started.
2025-09-21 10:04:52,358 - NetworkVisualizer - INFO - Packet capture started successfully. Listening for packets...
2025-09-21 10:04:52,980 - NetworkVisualizer - WARNING - MAC vendor lookup failed for 56:d1:7d:54:c3:37: The vendor for MAC b'56D17D54C337' could not be found. Either it's not registered or the local list is out of date. Try MacLookup().update_vendors()
2025-09-21 10:07:19,959 - NetworkVisualizer - INFO - Stopping packet capture...
2025-09-21 10:07:20,684 - NetworkVisualizer - INFO - Packet capture loop terminated.
2025-09-21 10:07:20,815 - NetworkVisualizer - WARNING - Sniffer is not running.
2025-09-21 10:07:21,047 - NetworkVisualizer - WARNING - Sniffer is not running.
2025-09-21 10:07:42,036 - NetworkVisualizer - WARNING - Sniffer is not running.
2025-09-21 10:07:42,144 - NetworkVisualizer - WARNING - Sniffer is not running.
2025-09-21 10:07:42,341 - NetworkVisualizer - WARNING - Sniffer is not running.
2025-09-21 10:07:42,549 - NetworkVisualizer - WARNING - Sniffer is not running.
2025-09-21 10:07:55,197 - NetworkVisualizer - INFO - Network graph data has been cleared.
2025-09-21 10:08:09,126 - NetworkVisualizer - INFO - Attempting to start packet capture on interface: wlan0
2025-09-21 10:08:09,126 - NetworkVisualizer - INFO - Sniffer thread started.
2025-09-21 10:08:09,292 - NetworkVisualizer - INFO - Packet capture started successfully. Listening for packets...
2025-09-21 10:08:24,951 - NetworkVisualizer - INFO - Stopping packet capture...
2025-09-21 10:08:25,103 - NetworkVisualizer - WARNING - Sniffer is not running.
2025-09-21 10:08:25,279 - NetworkVisualizer - WARNING - Sniffer is not running.
2025-09-21 10:08:25,458 - NetworkVisualizer - WARNING - Sniffer is not running.
2025-09-21 10:08:32,694 - NetworkVisualizer - INFO - Packet capture loop terminated.
2025-09-21 10:48:24,523 - NetworkVisualizer - INFO - Configuration loaded successfully.
2025-09-21 10:48:24,882 - NetworkVisualizer - INFO - Initializing Network Visualizer...
2025-09-21 10:48:24,882 - NetworkVisualizer - INFO - Attempting to download threat intelligence blocklist...
2025-09-21 10:48:24,882 - NetworkVisualizer - INFO - Starting web server on http://127.0.0.1:8080
2025-09-21 10:48:25,647 - NetworkVisualizer - INFO - Threat intelligence list updated successfully. Found 4483 malicious IPs.
2025-09-21 10:48:31,328 - NetworkVisualizer - INFO - Attempting to start packet capture on interface: wlan0
2025-09-21 10:48:31,329 - NetworkVisualizer - INFO - Sniffer thread started.
2025-09-21 10:48:31,460 - NetworkVisualizer - INFO - Packet capture started successfully. Listening for packets...
2025-09-21 10:51:05,951 - NetworkVisualizer - INFO - Network graph data has been cleared.
2025-09-21 10:51:16,724 - NetworkVisualizer - INFO - Stopping packet capture...
2025-09-21 10:51:18,302 - NetworkVisualizer - INFO - Packet capture loop terminated.
